F_BUS,T_BUS,BR_R,BR_X,BR_B,RATE_A,RATE_B,RATE_C,TAP,SHIFT,BR_STATUS,ANGMIN,ANGMAX
512.0,533.0,2.19,9.26,0.0,0.0,0.0,0.0,1.0,0.0,1.0,-360.0,360.0
512.0,513.0,0.055779999999999996,0.02922,0.0,0.0,0.0,0.0,0.0,0.0,1.0,-360.0,360.0
513.0,516.0,0.057210000000000004,0.02997,0.0,0.0,0.0,0.0,0.0,0.0,1.0,-360.0,360.0
513.0,534.0,2.39,10.76,0.0,0.0,0.0,0.0,1.0,0.0,1.0,-360.0,360.0
514.0,524.0,0.49261000000000005,0.45743,0.0,0.0,0.0,0.0,0.0,0.0,1.0,-360.0,360.0
514.0,535.0,2.19,9.26,0.0,0.0,0.0,0.0,1.0,0.0,1.0,-360.0,360.0
515.0,514.0,0.04557,0.04231,0.0,0.0,0.0,0.0,0.0,0.0,1.0,-360.0,360.0
515.0,536.0,2.39,10.76,0.0,0.0,0.0,0.0,1.0,0.0,1.0,-360.0,360.0
516.0,537.0,2.39,10.76,0.0,0.0,0.0,0.0,1.0,0.0,1.0,-360.0,360.0
516.0,6549.0,0.02695,0.01411,0.0,0.0,0.0,0.0,0.0,0.0,1.0,-360.0,360.0
517.0,6545.0,0.0018899999999999998,0.00099,0.0,0.0,0.0,0.0,0.0,0.0,1.0,-360.0,360.0
517.0,538.0,2.19,9.26,0.0,0.0,0.0,0.0,1.0,0.0,1.0,-360.0,360.0
518.0,6544.0,0.0457,0.02394,0.0,0.0,0.0,0.0,0.0,0.0,1.0,-360.0,360.0
518.0,539.0,2.39,10.76,0.0,0.0,0.0,0.0,1.0,0.0,1.0,-360.0,360.0
519.0,540.0,1.22,5.157,0.0,0.0,0.0,0.0,1.0,0.0,1.0,-360.0,360.0
519.0,518.0,0.0491,0.02572,0.0,0.0,0.0,0.0,0.0,0.0,1.0,-360.0,360.0
520.0,541.0,2.19,9.26,0.0,0.0,0.0,0.0,1.0,0.0,1.0,-360.0,360.0
520.0,6552.0,0.00703,0.0036799999999999997,0.0,0.0,0.0,0.0,0.0,0.0,1.0,-360.0,360.0
521.0,542.0,1.22,5.157,0.0,0.0,0.0,0.0,1.0,0.0,1.0,-360.0,360.0
521.0,527.0,0.03381,0.01771,0.0,0.0,0.0,0.0,0.0,0.0,1.0,-360.0,360.0
522.0,543.0,2.39,10.76,0.0,0.0,0.0,0.0,1.0,0.0,1.0,-360.0,360.0
522.0,524.0,0.0428,0.02242,0.0,0.0,0.0,0.0,0.0,0.0,1.0,-360.0,360.0
523.0,544.0,2.39,10.76,0.0,0.0,0.0,0.0,1.0,0.0,1.0,-360.0,360.0
523.0,522.0,0.03497,0.01832,0.0,0.0,0.0,0.0,0.0,0.0,1.0,-360.0,360.0
524.0,45.0,0.35007,0.70013,0.0,0.0,0.0,0.0,0.0,0.0,1.0,-360.0,360.0
524.0,545.0,1.22,5.157,0.0,0.0,0.0,0.0,1.0,0.0,1.0,-360.0,360.0
525.0,546.0,2.19,9.26,0.0,0.0,0.0,0.0,1.0,0.0,1.0,-360.0,360.0
525.0,6551.0,0.00235,0.00123,0.0,0.0,0.0,0.0,0.0,0.0,1.0,-360.0,360.0
526.0,6548.0,0.04743,0.02485,0.0,0.0,0.0,0.0,0.0,0.0,1.0,-360.0,360.0
526.0,547.0,1.22,5.157,0.0,0.0,0.0,0.0,1.0,0.0,1.0,-360.0,360.0
527.0,6547.0,0.0027300000000000002,0.00143,0.0,0.0,0.0,0.0,0.0,0.0,1.0,-360.0,360.0
527.0,548.0,2.39,10.76,0.0,0.0,0.0,0.0,1.0,0.0,1.0,-360.0,360.0
528.0,549.0,2.19,9.26,0.0,0.0,0.0,0.0,1.0,0.0,1.0,-360.0,360.0
528.0,6548.0,0.00718,0.0037600000000000003,0.0,0.0,0.0,0.0,0.0,0.0,1.0,-360.0,360.0
529.0,528.0,0.030560000000000004,0.01601,0.0,0.0,0.0,0.0,0.0,0.0,1.0,-360.0,360.0
529.0,550.0,2.39,10.76,0.0,0.0,0.0,0.0,1.0,0.0,1.0,-360.0,360.0
530.0,6554.0,0.03487,0.018269999999999998,0.0,0.0,0.0,0.0,0.0,0.0,1.0,-360.0,360.0
530.0,551.0,2.39,10.76,0.0,0.0,0.0,0.0,1.0,0.0,1.0,-360.0,360.0
531.0,552.0,1.22,5.157,0.0,0.0,0.0,0.0,1.0,0.0,1.0,-360.0,360.0
531.0,6554.0,0.0194,0.010159999999999999,0.0,0.0,0.0,0.0,0.0,0.0,1.0,-360.0,360.0
532.0,515.0,0.34757,0.32274,0.0,0.0,0.0,0.0,0.0,0.0,1.0,-360.0,360.0
532.0,553.0,2.39,10.76,0.0,0.0,0.0,0.0,1.0,0.0,1.0,-360.0,360.0
6104.0,6440.0,5.687499999999999,0.8749999999999998,0.0,0.0,0.0,0.0,0.0,0.0,1.0,-360.0,360.0
6105.0,551.0,0.0062499999999999995,0.0,0.0,0.0,0.0,0.0,0.0,0.0,1.0,-360.0,360.0
6106.0,6510.0,13.174999999999999,2.6999999999999997,0.0,0.0,0.0,0.0,0.0,0.0,1.0,-360.0,360.0
6107.0,538.0,0.0062499999999999995,0.0,0.0,0.0,0.0,0.0,0.0,0.0,1.0,-360.0,360.0
6108.0,6104.0,7.662499999999999,1.1812499999999997,0.0,0.0,0.0,0.0,0.0,0.0,1.0,-360.0,360.0
6109.0,6248.0,1.8749999999999998,0.9374999999999999,0.0,0.0,0.0,0.0,0.0,0.0,1.0,-360.0,360.0
6110.0,6130.0,5.281249999999998,0.8124999999999998,0.0,0.0,0.0,0.0,0.0,0.0,1.0,-360.0,360.0
6111.0,6425.0,4.081249999999999,0.6312499999999999,0.0,0.0,0.0,0.0,0.0,0.0,1.0,-360.0,360.0
6112.0,6534.0,6.906249999999999,1.0624999999999998,0.0,0.0,0.0,0.0,0.0,0.0,1.0,-360.0,360.0
6113.0,533.0,57.72499999999999,8.881249999999998,0.0,0.0,0.0,0.0,0.0,0.0,1.0,-360.0,360.0
6114.0,6360.0,25.843749999999993,3.974999999999999,0.0,0.0,0.0,0.0,0.0,0.0,1.0,-360.0,360.0
6115.0,533.0,25.856249999999992,3.9812499999999997,0.0,0.0,0.0,0.0,0.0,0.0,1.0,-360.0,360.0
6116.0,6505.0,8.143749999999999,1.2499999999999998,0.0,0.0,0.0,0.0,0.0,0.0,1.0,-360.0,360.0
6117.0,6120.0,10.406249999999998,1.5999999999999999,0.0,0.0,0.0,0.0,0.0,0.0,1.0,-360.0,360.0
6118.0,6199.0,2.9249999999999994,0.5999999999999999,0.0,0.0,0.0,0.0,0.0,0.0,1.0,-360.0,360.0
6119.0,6292.0,5.768749999999999,0.8874999999999997,0.0,0.0,0.0,0.0,0.0,0.0,1.0,-360.0,360.0
6120.0,539.0,0.0062499999999999995,0.0,0.0,0.0,0.0,0.0,0.0,0.0,1.0,-360.0,360.0
6121.0,542.0,6.499999999999998,0.9999999999999999,0.0,0.0,0.0,0.0,0.0,0.0,1.0,-360.0,360.0
6122.0,6461.0,8.287499999999998,1.2749999999999997,0.0,0.0,0.0,0.0,0.0,0.0,1.0,-360.0,360.0
6123.0,540.0,24.356249999999996,12.174999999999999,0.0,0.0,0.0,0.0,0.0,0.0,1.0,-360.0,360.0
6124.0,547.0,45.43124999999999,22.718749999999996,0.0,0.0,0.0,0.0,0.0,0.0,1.0,-360.0,360.0
6125.0,6280.0,4.2437499999999995,0.6499999999999999,0.0,0.0,0.0,0.0,0.0,0.0,1.0,-360.0,360.0
6126.0,533.0,0.0062499999999999995,0.0,0.0,0.0,0.0,0.0,0.0,0.0,1.0,-360.0,360.0
6127.0,6218.0,4.062499999999999,0.6249999999999999,0.0,0.0,0.0,0.0,0.0,0.0,1.0,-360.0,360.0
6128.0,6205.0,4.193749999999999,0.8624999999999999,0.0,0.0,0.0,0.0,0.0,0.0,1.0,-360.0,360.0
6129.0,6450.0,5.281249999999998,0.8124999999999998,0.0,0.0,0.0,0.0,0.0,0.0,1.0,-360.0,360.0
6130.0,6448.0,3.249999999999999,0.49999999999999994,0.0,0.0,0.0,0.0,0.0,0.0,1.0,-360.0,360.0
6131.0,6299.0,4.143749999999999,0.6374999999999998,0.0,0.0,0.0,0.0,0.0,0.0,1.0,-360.0,360.0
6132.0,6494.0,7.312499999999999,1.1249999999999998,0.0,0.0,0.0,0.0,0.0,0.0,1.0,-360.0,360.0
6133.0,537.0,3.7687499999999994,1.8874999999999997,0.0,0.0,0.0,0.0,0.0,0.0,1.0,-360.0,360.0
6134.0,6482.0,15.399999999999999,2.3687499999999995,0.0,0.0,0.0,0.0,0.0,0.0,1.0,-360.0,360.0
6135.0,6347.0,6.518749999999999,1.0062499999999999,0.0,0.0,0.0,0.0,0.0,0.0,1.0,-360.0,360.0
6136.0,6266.0,3.249999999999999,0.49999999999999994,0.0,0.0,0.0,0.0,0.0,0.0,1.0,-360.0,360.0
6137.0,545.0,15.956249999999997,3.2749999999999995,0.0,0.0,0.0,0.0,0.0,0.0,1.0,-360.0,360.0
6138.0,547.0,0.0062499999999999995,0.0,0.0,0.0,0.0,0.0,0.0,0.0,1.0,-360.0,360.0
6139.0,6251.0,1.1249999999999998,0.5624999999999999,0.0,0.0,0.0,0.0,0.0,0.0,1.0,-360.0,360.0
6140.0,6138.0,1.1249999999999998,0.5624999999999999,0.0,0.0,0.0,0.0,0.0,0.0,1.0,-360.0,360.0
6141.0,6438.0,8.937499999999998,1.3749999999999998,0.0,0.0,0.0,0.0,0.0,0.0,1.0,-360.0,360.0
6142.0,6113.0,13.018749999999999,1.9999999999999998,0.0,0.0,0.0,0.0,0.0,0.0,1.0,-360.0,360.0
6143.0,541.0,0.0062499999999999995,0.0,0.0,0.0,0.0,0.0,0.0,0.0,1.0,-360.0,360.0
6144.0,6375.0,4.143749999999999,0.6374999999999998,0.0,0.0,0.0,0.0,0.0,0.0,1.0,-360.0,360.0
6145.0,6321.0,12.031249999999998,1.8499999999999996,0.0,0.0,0.0,0.0,0.0,0.0,1.0,-360.0,360.0
6146.0,6343.0,16.256249999999998,2.4999999999999996,0.0,0.0,0.0,0.0,0.0,0.0,1.0,-360.0,360.0
6147.0,6347.0,14.993749999999999,2.3062499999999995,0.0,0.0,0.0,0.0,0.0,0.0,1.0,-360.0,360.0
6148.0,6123.0,1.3749999999999998,0.6874999999999999,0.0,0.0,0.0,0.0,0.0,0.0,1.0,-360.0,360.0
6149.0,6164.0,5.299999999999999,0.8124999999999998,0.0,0.0,0.0,0.0,0.0,0.0,1.0,-360.0,360.0
6150.0,6221.0,4.631249999999999,0.9499999999999997,0.0,0.0,0.0,0.0,0.0,0.0,1.0,-360.0,360.0
6151.0,546.0,0.0062499999999999995,0.0,0.0,0.0,0.0,0.0,0.0,0.0,1.0,-360.0,360.0
6152.0,6153.0,6.093749999999999,0.9374999999999999,0.0,0.0,0.0,0.0,0.0,0.0,1.0,-360.0,360.0
6153.0,6335.0,1.9499999999999995,0.9749999999999998,0.0,0.0,0.0,0.0,0.0,0.0,1.0,-360.0,360.0
6154.0,533.0,5.281249999999998,0.8124999999999998,0.0,0.0,0.0,0.0,0.0,0.0,1.0,-360.0,360.0
6155.0,6157.0,3.6562499999999996,0.5624999999999999,0.0,0.0,0.0,0.0,0.0,0.0,1.0,-360.0,360.0
6156.0,6135.0,4.468749999999999,0.6874999999999999,0.0,0.0,0.0,0.0,0.0,0.0,1.0,-360.0,360.0
6157.0,6514.0,42.899999999999984,6.599999999999999,0.0,0.0,0.0,0.0,0.0,0.0,1.0,-360.0,360.0
6158.0,6437.0,4.081249999999999,0.6312499999999999,0.0,0.0,0.0,0.0,0.0,0.0,1.0,-360.0,360.0
6159.0,549.0,6.143749999999999,1.2624999999999997,0.0,0.0,0.0,0.0,0.0,0.0,1.0,-360.0,360.0
6160.0,548.0,22.168749999999996,3.4124999999999996,0.0,0.0,0.0,0.0,0.0,0.0,1.0,-360.0,360.0
6161.0,6169.0,4.574999999999999,0.9374999999999999,0.0,0.0,0.0,0.0,0.0,0.0,1.0,-360.0,360.0
6162.0,6391.0,9.849999999999998,2.0187499999999994,0.0,0.0,0.0,0.0,0.0,0.0,1.0,-360.0,360.0
6163.0,6439.0,2.8437499999999996,0.4374999999999999,0.0,0.0,0.0,0.0,0.0,0.0,1.0,-360.0,360.0
6164.0,539.0,22.343749999999993,3.437499999999999,0.0,0.0,0.0,0.0,0.0,0.0,1.0,-360.0,360.0
6165.0,6489.0,6.581249999999998,1.3499999999999999,0.0,0.0,0.0,0.0,0.0,0.0,1.0,-360.0,360.0
6166.0,6406.0,13.093749999999998,2.0124999999999997,0.0,0.0,0.0,0.0,0.0,0.0,1.0,-360.0,360.0
6167.0,553.0,26.968749999999996,4.1499999999999995,0.0,0.0,0.0,0.0,0.0,0.0,1.0,-360.0,360.0
6168.0,6157.0,9.362499999999999,1.4437499999999996,0.0,0.0,0.0,0.0,0.0,0.0,1.0,-360.0,360.0
6169.0,6245.0,2.4499999999999993,0.49999999999999994,0.0,0.0,0.0,0.0,0.0,0.0,1.0,-360.0,360.0
6170.0,549.0,0.0062499999999999995,0.0,0.0,0.0,0.0,0.0,0.0,0.0,1.0,-360.0,360.0
6171.0,6281.0,8.299999999999999,1.6999999999999995,0.0,0.0,0.0,0.0,0.0,0.0,1.0,-360.0,360.0
6172.0,6216.0,4.737499999999999,0.7312499999999998,0.0,0.0,0.0,0.0,0.0,0.0,1.0,-360.0,360.0
6173.0,542.0,5.512499999999998,2.756249999999999,0.0,0.0,0.0,0.0,0.0,0.0,1.0,-360.0,360.0
6174.0,6504.0,4.468749999999999,0.6874999999999999,0.0,0.0,0.0,0.0,0.0,0.0,1.0,-360.0,360.0
6175.0,6320.0,4.374999999999999,0.6749999999999999,0.0,0.0,0.0,0.0,0.0,0.0,1.0,-360.0,360.0
6176.0,6147.0,14.706249999999999,2.2624999999999997,0.0,0.0,0.0,0.0,0.0,0.0,1.0,-360.0,360.0
6177.0,6389.0,3.9499999999999993,1.9749999999999996,0.0,0.0,0.0,0.0,0.0,0.0,1.0,-360.0,360.0
6178.0,6236.0,8.549999999999999,1.3187499999999999,0.0,0.0,0.0,0.0,0.0,0.0,1.0,-360.0,360.0
6179.0,6394.0,4.062499999999999,0.6249999999999999,0.0,0.0,0.0,0.0,0.0,0.0,1.0,-360.0,360.0
6180.0,6136.0,23.731249999999992,3.649999999999999,0.0,0.0,0.0,0.0,0.0,0.0,1.0,-360.0,360.0
6181.0,6201.0,7.718749999999998,1.1874999999999998,0.0,0.0,0.0,0.0,0.0,0.0,1.0,-360.0,360.0
6182.0,6187.0,9.343749999999998,1.4374999999999998,0.0,0.0,0.0,0.0,0.0,0.0,1.0,-360.0,360.0
6183.0,6242.0,1.2499999999999998,0.6249999999999999,0.0,0.0,0.0,0.0,0.0,0.0,1.0,-360.0,360.0
6184.0,6301.0,4.062499999999999,0.6249999999999999,0.0,0.0,0.0,0.0,0.0,0.0,1.0,-360.0,360.0
6185.0,6532.0,4.543749999999999,0.6999999999999998,0.0,0.0,0.0,0.0,0.0,0.0,1.0,-360.0,360.0
6186.0,6249.0,8.937499999999998,1.3749999999999998,0.0,0.0,0.0,0.0,0.0,0.0,1.0,-360.0,360.0
6187.0,542.0,22.387499999999996,11.193749999999998,0.0,0.0,0.0,0.0,0.0,0.0,1.0,-360.0,360.0
6188.0,6337.0,6.812499999999999,1.0499999999999998,0.0,0.0,0.0,0.0,0.0,0.0,1.0,-360.0,360.0
6189.0,6507.0,35.78124999999999,5.506249999999999,0.0,0.0,0.0,0.0,0.0,0.0,1.0,-360.0,360.0
6190.0,6197.0,17.062499999999996,2.6249999999999996,0.0,0.0,0.0,0.0,0.0,0.0,1.0,-360.0,360.0
6191.0,6503.0,7.1187499999999995,1.4624999999999997,0.0,0.0,0.0,0.0,0.0,0.0,1.0,-360.0,360.0
6192.0,6340.0,12.999999999999996,1.9999999999999998,0.0,0.0,0.0,0.0,0.0,0.0,1.0,-360.0,360.0
6193.0,6198.0,9.362499999999999,1.4437499999999996,0.0,0.0,0.0,0.0,0.0,0.0,1.0,-360.0,360.0
6194.0,6209.0,11.043749999999998,1.6999999999999995,0.0,0.0,0.0,0.0,0.0,0.0,1.0,-360.0,360.0
6195.0,6378.0,5.8687499999999995,0.8999999999999999,0.0,0.0,0.0,0.0,0.0,0.0,1.0,-360.0,360.0
6196.0,6420.0,5.281249999999998,0.8124999999999998,0.0,0.0,0.0,0.0,0.0,0.0,1.0,-360.0,360.0
6197.0,6148.0,2.1249999999999996,1.0624999999999998,0.0,0.0,0.0,0.0,0.0,0.0,1.0,-360.0,360.0
6198.0,541.0,30.212499999999995,4.6499999999999995,0.0,0.0,0.0,0.0,0.0,0.0,1.0,-360.0,360.0
6199.0,6427.0,5.818749999999998,1.1937499999999999,0.0,0.0,0.0,0.0,0.0,0.0,1.0,-360.0,360.0
6200.0,552.0,0.0062499999999999995,0.0,0.0,0.0,0.0,0.0,0.0,0.0,1.0,-360.0,360.0
6201.0,6177.0,1.1249999999999998,0.5624999999999999,0.0,0.0,0.0,0.0,0.0,0.0,1.0,-360.0,360.0
6202.0,6509.0,3.424999999999999,0.6999999999999998,0.0,0.0,0.0,0.0,0.0,0.0,1.0,-360.0,360.0
6203.0,6249.0,22.849999999999998,3.5124999999999993,0.0,0.0,0.0,0.0,0.0,0.0,1.0,-360.0,360.0
6204.0,6312.0,9.118749999999999,1.3999999999999997,0.0,0.0,0.0,0.0,0.0,0.0,1.0,-360.0,360.0
6205.0,6451.0,7.418749999999999,1.5249999999999997,0.0,0.0,0.0,0.0,0.0,0.0,1.0,-360.0,360.0
6206.0,6453.0,3.899999999999999,0.7999999999999999,0.0,0.0,0.0,0.0,0.0,0.0,1.0,-360.0,360.0
6207.0,6143.0,2.50625,1.2499999999999998,0.0,0.0,0.0,0.0,0.0,0.0,1.0,-360.0,360.0
6208.0,6222.0,2.8437499999999996,0.4374999999999999,0.0,0.0,0.0,0.0,0.0,0.0,1.0,-360.0,360.0
6209.0,6131.0,4.081249999999999,0.6312499999999999,0.0,0.0,0.0,0.0,0.0,0.0,1.0,-360.0,360.0
6210.0,6261.0,2.6249999999999996,1.3124999999999998,0.0,0.0,0.0,0.0,0.0,0.0,1.0,-360.0,360.0
6211.0,546.0,16.143749999999997,8.068749999999998,0.0,0.0,0.0,0.0,0.0,0.0,1.0,-360.0,360.0
6212.0,6325.0,6.499999999999998,0.9999999999999999,0.0,0.0,0.0,0.0,0.0,0.0,1.0,-360.0,360.0
6213.0,6158.0,8.306249999999999,1.2749999999999997,0.0,0.0,0.0,0.0,0.0,0.0,1.0,-360.0,360.0
6214.0,6392.0,3.6562499999999996,0.5624999999999999,0.0,0.0,0.0,0.0,0.0,0.0,1.0,-360.0,360.0
6215.0,6189.0,7.899999999999999,1.2124999999999997,0.0,0.0,0.0,0.0,0.0,0.0,1.0,-360.0,360.0
6216.0,6523.0,8.606249999999998,1.3249999999999997,0.0,0.0,0.0,0.0,0.0,0.0,1.0,-360.0,360.0
6217.0,6486.0,2.4374999999999996,0.3749999999999999,0.0,0.0,0.0,0.0,0.0,0.0,1.0,-360.0,360.0
6218.0,6126.0,5.331249999999999,2.6687499999999997,0.0,0.0,0.0,0.0,0.0,0.0,1.0,-360.0,360.0
6219.0,6464.0,4.143749999999999,0.6374999999999998,0.0,0.0,0.0,0.0,0.0,0.0,1.0,-360.0,360.0
6220.0,6407.0,10.562499999999996,1.6249999999999996,0.0,0.0,0.0,0.0,0.0,0.0,1.0,-360.0,360.0
6221.0,545.0,13.956249999999999,2.8624999999999994,0.0,0.0,0.0,0.0,0.0,0.0,1.0,-360.0,360.0
6222.0,6188.0,4.543749999999999,0.6999999999999998,0.0,0.0,0.0,0.0,0.0,0.0,1.0,-360.0,360.0
6223.0,6398.0,7.312499999999999,1.1249999999999998,0.0,0.0,0.0,0.0,0.0,0.0,1.0,-360.0,360.0
6224.0,534.0,25.212499999999995,3.8812499999999996,0.0,0.0,0.0,0.0,0.0,0.0,1.0,-360.0,360.0
6225.0,6513.0,2.0499999999999994,1.0249999999999997,0.0,0.0,0.0,0.0,0.0,0.0,1.0,-360.0,360.0
6226.0,6329.0,24.637499999999992,3.7874999999999996,0.0,0.0,0.0,0.0,0.0,0.0,1.0,-360.0,360.0
6227.0,6403.0,4.081249999999999,0.6312499999999999,0.0,0.0,0.0,0.0,0.0,0.0,1.0,-360.0,360.0
6228.0,6206.0,6.824999999999999,1.3999999999999997,0.0,0.0,0.0,0.0,0.0,0.0,1.0,-360.0,360.0
6229.0,6105.0,8.843749999999998,1.3624999999999998,0.0,0.0,0.0,0.0,0.0,0.0,1.0,-360.0,360.0
6230.0,6429.0,8.324999999999998,1.2812499999999998,0.0,0.0,0.0,0.0,0.0,0.0,1.0,-360.0,360.0
6231.0,552.0,1.2499999999999998,0.6249999999999999,0.0,0.0,0.0,0.0,0.0,0.0,1.0,-360.0,360.0
6232.0,6290.0,6.418749999999998,0.9874999999999998,0.0,0.0,0.0,0.0,0.0,0.0,1.0,-360.0,360.0
6233.0,6258.0,9.787499999999998,1.5062499999999999,0.0,0.0,0.0,0.0,0.0,0.0,1.0,-360.0,360.0
6234.0,6395.0,8.206249999999999,1.2624999999999997,0.0,0.0,0.0,0.0,0.0,0.0,1.0,-360.0,360.0
6235.0,6293.0,10.562499999999996,1.6249999999999996,0.0,0.0,0.0,0.0,0.0,0.0,1.0,-360.0,360.0
6236.0,6421.0,12.906249999999998,1.9874999999999996,0.0,0.0,0.0,0.0,0.0,0.0,1.0,-360.0,360.0
6237.0,6283.0,1.6249999999999996,0.24999999999999997,0.0,0.0,0.0,0.0,0.0,0.0,1.0,-360.0,360.0
6238.0,6442.0,1.7499999999999996,0.8749999999999998,0.0,0.0,0.0,0.0,0.0,0.0,1.0,-360.0,360.0
6239.0,6513.0,4.874999999999999,0.7499999999999998,0.0,0.0,0.0,0.0,0.0,0.0,1.0,-360.0,360.0
6240.0,6218.0,7.312499999999999,1.1249999999999998,0.0,0.0,0.0,0.0,0.0,0.0,1.0,-360.0,360.0
6241.0,6273.0,1.3062499999999997,0.6499999999999999,0.0,0.0,0.0,0.0,0.0,0.0,1.0,-360.0,360.0
6242.0,552.0,12.462499999999997,6.231249999999998,0.0,0.0,0.0,0.0,0.0,0.0,1.0,-360.0,360.0
6243.0,6211.0,4.143749999999999,0.6374999999999998,0.0,0.0,0.0,0.0,0.0,0.0,1.0,-360.0,360.0
6244.0,6460.0,5.687499999999999,0.8749999999999998,0.0,0.0,0.0,0.0,0.0,0.0,1.0,-360.0,360.0
6245.0,6170.0,1.0499999999999998,0.5999999999999999,0.0,0.0,0.0,0.0,0.0,0.0,1.0,-360.0,360.0
6246.0,6443.0,4.2437499999999995,0.6499999999999999,0.0,0.0,0.0,0.0,0.0,0.0,1.0,-360.0,360.0
6247.0,6331.0,4.156249999999999,2.0812499999999994,0.0,0.0,0.0,0.0,0.0,0.0,1.0,-360.0,360.0
6248.0,548.0,0.0062499999999999995,0.0,0.0,0.0,0.0,0.0,0.0,0.0,1.0,-360.0,360.0
6249.0,6214.0,10.643749999999999,1.6374999999999997,0.0,0.0,0.0,0.0,0.0,0.0,1.0,-360.0,360.0
6250.0,6240.0,4.2437499999999995,0.6499999999999999,0.0,0.0,0.0,0.0,0.0,0.0,1.0,-360.0,360.0
6251.0,6200.0,3.8312499999999994,1.9124999999999999,0.0,0.0,0.0,0.0,0.0,0.0,1.0,-360.0,360.0
6252.0,6542.0,18.712499999999995,2.8812499999999996,0.0,0.0,0.0,0.0,0.0,0.0,1.0,-360.0,360.0
6253.0,6107.0,2.3749999999999996,1.1874999999999998,0.0,0.0,0.0,0.0,0.0,0.0,1.0,-360.0,360.0
6254.0,6165.0,3.1812499999999995,0.6499999999999999,0.0,0.0,0.0,0.0,0.0,0.0,1.0,-360.0,360.0
6255.0,6515.0,4.2437499999999995,0.6499999999999999,0.0,0.0,0.0,0.0,0.0,0.0,1.0,-360.0,360.0
6256.0,6391.0,4.887499999999999,0.9999999999999999,0.0,0.0,0.0,0.0,0.0,0.0,1.0,-360.0,360.0
6257.0,6250.0,9.843749999999998,1.5124999999999997,0.0,0.0,0.0,0.0,0.0,0.0,1.0,-360.0,360.0
6258.0,6373.0,3.249999999999999,0.49999999999999994,0.0,0.0,0.0,0.0,0.0,0.0,1.0,-360.0,360.0
6259.0,6434.0,4.631249999999999,0.9499999999999997,0.0,0.0,0.0,0.0,0.0,0.0,1.0,-360.0,360.0
6260.0,6144.0,9.668749999999998,1.4874999999999998,0.0,0.0,0.0,0.0,0.0,0.0,1.0,-360.0,360.0
6261.0,540.0,0.0062499999999999995,0.0,0.0,0.0,0.0,0.0,0.0,0.0,1.0,-360.0,360.0
6262.0,6284.0,11.062499999999998,1.6999999999999995,0.0,0.0,0.0,0.0,0.0,0.0,1.0,-360.0,360.0
6263.0,6191.0,5.6499999999999995,1.1562499999999998,0.0,0.0,0.0,0.0,0.0,0.0,1.0,-360.0,360.0
6264.0,535.0,27.562499999999996,4.2437499999999995,0.0,0.0,0.0,0.0,0.0,0.0,1.0,-360.0,360.0
6265.0,6306.0,5.687499999999999,0.8749999999999998,0.0,0.0,0.0,0.0,0.0,0.0,1.0,-360.0,360.0
6266.0,6243.0,12.456249999999997,1.9187499999999995,0.0,0.0,0.0,0.0,0.0,0.0,1.0,-360.0,360.0
6267.0,6490.0,8.287499999999998,1.2749999999999997,0.0,0.0,0.0,0.0,0.0,0.0,1.0,-360.0,360.0
6268.0,6255.0,8.381249999999998,1.2874999999999999,0.0,0.0,0.0,0.0,0.0,0.0,1.0,-360.0,360.0
6269.0,6482.0,8.481249999999998,1.3062499999999997,0.0,0.0,0.0,0.0,0.0,0.0,1.0,-360.0,360.0
6270.0,6230.0,8.324999999999998,1.2812499999999998,0.0,0.0,0.0,0.0,0.0,0.0,1.0,-360.0,360.0
6271.0,6181.0,7.562499999999998,1.1624999999999999,0.0,0.0,0.0,0.0,0.0,0.0,1.0,-360.0,360.0
6272.0,6382.0,1.4999999999999996,0.7499999999999998,0.0,0.0,0.0,0.0,0.0,0.0,1.0,-360.0,360.0
6273.0,6457.0,2.3749999999999996,1.1874999999999998,0.0,0.0,0.0,0.0,0.0,0.0,1.0,-360.0,360.0
6274.0,6151.0,9.824999999999998,1.5124999999999997,0.0,0.0,0.0,0.0,0.0,0.0,1.0,-360.0,360.0
6275.0,6521.0,12.543749999999996,1.9312499999999995,0.0,0.0,0.0,0.0,0.0,0.0,1.0,-360.0,360.0
6276.0,6361.0,5.281249999999998,0.8124999999999998,0.0,0.0,0.0,0.0,0.0,0.0,1.0,-360.0,360.0
6277.0,6493.0,9.343749999999998,1.4374999999999998,0.0,0.0,0.0,0.0,0.0,0.0,1.0,-360.0,360.0
6278.0,6106.0,4.887499999999999,0.9999999999999999,0.0,0.0,0.0,0.0,0.0,0.0,1.0,-360.0,360.0
6279.0,6367.0,6.581249999999998,1.0124999999999997,0.0,0.0,0.0,0.0,0.0,0.0,1.0,-360.0,360.0
6280.0,6298.0,12.287499999999998,1.8937499999999998,0.0,0.0,0.0,0.0,0.0,0.0,1.0,-360.0,360.0
6281.0,6368.0,4.1812499999999995,0.8562499999999997,0.0,0.0,0.0,0.0,0.0,0.0,1.0,-360.0,360.0
6282.0,6471.0,4.543749999999999,0.6999999999999998,0.0,0.0,0.0,0.0,0.0,0.0,1.0,-360.0,360.0
6283.0,6287.0,4.874999999999999,0.7499999999999998,0.0,0.0,0.0,0.0,0.0,0.0,1.0,-360.0,360.0
6284.0,541.0,22.699999999999996,11.349999999999998,0.0,0.0,0.0,0.0,0.0,0.0,1.0,-360.0,360.0
6285.0,6525.0,18.887499999999996,2.906249999999999,0.0,0.0,0.0,0.0,0.0,0.0,1.0,-360.0,360.0
6286.0,6150.0,2.681249999999999,0.5499999999999999,0.0,0.0,0.0,0.0,0.0,0.0,1.0,-360.0,360.0
6287.0,6414.0,6.499999999999998,0.9999999999999999,0.0,0.0,0.0,0.0,0.0,0.0,1.0,-360.0,360.0
6288.0,540.0,4.062499999999999,0.6249999999999999,0.0,0.0,0.0,0.0,0.0,0.0,1.0,-360.0,360.0
6289.0,6180.0,5.281249999999998,0.8124999999999998,0.0,0.0,0.0,0.0,0.0,0.0,1.0,-360.0,360.0
6290.0,552.0,30.849999999999994,4.7437499999999995,0.0,0.0,0.0,0.0,0.0,0.0,1.0,-360.0,360.0
6291.0,6356.0,4.737499999999999,0.7312499999999998,0.0,0.0,0.0,0.0,0.0,0.0,1.0,-360.0,360.0
6292.0,6282.0,5.687499999999999,0.8749999999999998,0.0,0.0,0.0,0.0,0.0,0.0,1.0,-360.0,360.0
6293.0,6318.0,4.468749999999999,0.6874999999999999,0.0,0.0,0.0,0.0,0.0,0.0,1.0,-360.0,360.0
6294.0,6492.0,6.674999999999999,1.3687499999999995,0.0,0.0,0.0,0.0,0.0,0.0,1.0,-360.0,360.0
6295.0,6367.0,13.624999999999998,2.0937499999999996,0.0,0.0,0.0,0.0,0.0,0.0,1.0,-360.0,360.0
6296.0,534.0,50.13749999999999,7.712499999999999,0.0,0.0,0.0,0.0,0.0,0.0,1.0,-360.0,360.0
6297.0,550.0,0.0062499999999999995,0.0,0.0,0.0,0.0,0.0,0.0,0.0,1.0,-360.0,360.0
6298.0,6229.0,28.543749999999996,4.393749999999999,0.0,0.0,0.0,0.0,0.0,0.0,1.0,-360.0,360.0
6299.0,6481.0,2.2187499999999996,1.1124999999999998,0.0,0.0,0.0,0.0,0.0,0.0,1.0,-360.0,360.0
6300.0,6434.0,5.849999999999999,1.1999999999999997,0.0,0.0,0.0,0.0,0.0,0.0,1.0,-360.0,360.0
6301.0,6140.0,12.593749999999998,1.9374999999999996,0.0,0.0,0.0,0.0,0.0,0.0,1.0,-360.0,360.0
6302.0,6137.0,7.668749999999998,1.5749999999999997,0.0,0.0,0.0,0.0,0.0,0.0,1.0,-360.0,360.0
6303.0,6133.0,38.949999999999996,5.9937499999999995,0.0,0.0,0.0,0.0,0.0,0.0,1.0,-360.0,360.0
6304.0,6510.0,2.4374999999999996,0.49999999999999994,0.0,0.0,0.0,0.0,0.0,0.0,1.0,-360.0,360.0
6305.0,6173.0,15.874999999999996,2.4437499999999996,0.0,0.0,0.0,0.0,0.0,0.0,1.0,-360.0,360.0
6306.0,6124.0,1.6249999999999996,0.8124999999999998,0.0,0.0,0.0,0.0,0.0,0.0,1.0,-360.0,360.0
6307.0,6487.0,10.581249999999999,1.6312499999999999,0.0,0.0,0.0,0.0,0.0,0.0,1.0,-360.0,360.0
6308.0,6390.0,5.668749999999999,1.1624999999999999,0.0,0.0,0.0,0.0,0.0,0.0,1.0,-360.0,360.0
6309.0,6489.0,6.581249999999998,1.3499999999999999,0.0,0.0,0.0,0.0,0.0,0.0,1.0,-360.0,360.0
6310.0,6259.0,6.349999999999998,1.2999999999999998,0.0,0.0,0.0,0.0,0.0,0.0,1.0,-360.0,360.0
6311.0,6501.0,2.8437499999999996,0.4374999999999999,0.0,0.0,0.0,0.0,0.0,0.0,1.0,-360.0,360.0
6312.0,6472.0,11.781249999999996,1.8124999999999996,0.0,0.0,0.0,0.0,0.0,0.0,1.0,-360.0,360.0
6313.0,6232.0,8.549999999999999,1.3187499999999999,0.0,0.0,0.0,0.0,0.0,0.0,1.0,-360.0,360.0
6314.0,6193.0,28.787499999999998,4.4312499999999995,0.0,0.0,0.0,0.0,0.0,0.0,1.0,-360.0,360.0
6315.0,6326.0,6.499999999999998,0.9999999999999999,0.0,0.0,0.0,0.0,0.0,0.0,1.0,-360.0,360.0
6316.0,6225.0,6.906249999999999,1.0624999999999998,0.0,0.0,0.0,0.0,0.0,0.0,1.0,-360.0,360.0
6317.0,6516.0,9.506249999999998,1.9499999999999995,0.0,0.0,0.0,0.0,0.0,0.0,1.0,-360.0,360.0
6318.0,6540.0,4.062499999999999,0.6249999999999999,0.0,0.0,0.0,0.0,0.0,0.0,1.0,-360.0,360.0
6319.0,6533.0,3.912499999999999,0.7999999999999999,0.0,0.0,0.0,0.0,0.0,0.0,1.0,-360.0,360.0
6320.0,548.0,15.693749999999998,2.4124999999999996,0.0,0.0,0.0,0.0,0.0,0.0,1.0,-360.0,360.0
6321.0,6348.0,14.187499999999998,2.1812499999999995,0.0,0.0,0.0,0.0,0.0,0.0,1.0,-360.0,360.0
6322.0,6425.0,9.474999999999998,1.4562499999999998,0.0,0.0,0.0,0.0,0.0,0.0,1.0,-360.0,360.0
6323.0,6267.0,4.956249999999999,0.7624999999999998,0.0,0.0,0.0,0.0,0.0,0.0,1.0,-360.0,360.0
6324.0,6271.0,4.081249999999999,0.6312499999999999,0.0,0.0,0.0,0.0,0.0,0.0,1.0,-360.0,360.0
6325.0,6345.0,4.143749999999999,0.6374999999999998,0.0,0.0,0.0,0.0,0.0,0.0,1.0,-360.0,360.0
6326.0,540.0,33.762499999999996,5.193749999999999,0.0,0.0,0.0,0.0,0.0,0.0,1.0,-360.0,360.0
6327.0,535.0,22.887499999999996,3.518749999999999,0.0,0.0,0.0,0.0,0.0,0.0,1.0,-360.0,360.0
6328.0,6194.0,3.249999999999999,0.49999999999999994,0.0,0.0,0.0,0.0,0.0,0.0,1.0,-360.0,360.0
6329.0,6423.0,6.662499999999999,1.0249999999999997,0.0,0.0,0.0,0.0,0.0,0.0,1.0,-360.0,360.0
6330.0,6152.0,6.037499999999999,0.9312499999999998,0.0,0.0,0.0,0.0,0.0,0.0,1.0,-360.0,360.0
6331.0,546.0,6.224999999999999,3.1124999999999994,0.0,0.0,0.0,0.0,0.0,0.0,1.0,-360.0,360.0
6332.0,6402.0,18.281249999999996,2.812499999999999,0.0,0.0,0.0,0.0,0.0,0.0,1.0,-360.0,360.0
6333.0,6455.0,4.062499999999999,0.6249999999999999,0.0,0.0,0.0,0.0,0.0,0.0,1.0,-360.0,360.0
6334.0,6314.0,4.062499999999999,0.6249999999999999,0.0,0.0,0.0,0.0,0.0,0.0,1.0,-360.0,360.0
6335.0,536.0,0.3749999999999999,0.18749999999999994,0.0,0.0,0.0,0.0,0.0,0.0,1.0,-360.0,360.0
6336.0,534.0,13.487499999999999,2.0749999999999997,0.0,0.0,0.0,0.0,0.0,0.0,1.0,-360.0,360.0
6337.0,6468.0,5.299999999999999,0.8124999999999998,0.0,0.0,0.0,0.0,0.0,0.0,1.0,-360.0,360.0
6338.0,6117.0,19.174999999999997,2.9499999999999997,0.0,0.0,0.0,0.0,0.0,0.0,1.0,-360.0,360.0
6339.0,6164.0,11.781249999999996,1.8124999999999996,0.0,0.0,0.0,0.0,0.0,0.0,1.0,-360.0,360.0
6340.0,6297.0,9.343749999999998,1.4374999999999998,0.0,0.0,0.0,0.0,0.0,0.0,1.0,-360.0,360.0
6341.0,6115.0,3.6562499999999996,0.5624999999999999,0.0,0.0,0.0,0.0,0.0,0.0,1.0,-360.0,360.0
6342.0,6385.0,4.874999999999999,0.7499999999999998,0.0,0.0,0.0,0.0,0.0,0.0,1.0,-360.0,360.0
6343.0,6109.0,2.8749999999999996,1.4374999999999998,0.0,0.0,0.0,0.0,0.0,0.0,1.0,-360.0,360.0
6344.0,6408.0,51.474999999999994,7.918749999999999,0.0,0.0,0.0,0.0,0.0,0.0,1.0,-360.0,360.0
6345.0,6223.0,7.987499999999998,1.2312499999999997,0.0,0.0,0.0,0.0,0.0,0.0,1.0,-360.0,360.0
6346.0,6137.0,3.4124999999999996,0.6999999999999998,0.0,0.0,0.0,0.0,0.0,0.0,1.0,-360.0,360.0
6347.0,6380.0,6.981249999999999,1.0749999999999997,0.0,0.0,0.0,0.0,0.0,0.0,1.0,-360.0,360.0
6348.0,6272.0,4.906249999999999,2.4499999999999993,0.0,0.0,0.0,0.0,0.0,0.0,1.0,-360.0,360.0
6349.0,6411.0,10.987499999999999,1.6874999999999998,0.0,0.0,0.0,0.0,0.0,0.0,1.0,-360.0,360.0
6350.0,6323.0,4.062499999999999,0.6249999999999999,0.0,0.0,0.0,0.0,0.0,0.0,1.0,-360.0,360.0
6351.0,6251.0,8.143749999999999,1.2499999999999998,0.0,0.0,0.0,0.0,0.0,0.0,1.0,-360.0,360.0
6352.0,6365.0,8.956249999999999,1.3749999999999998,0.0,0.0,0.0,0.0,0.0,0.0,1.0,-360.0,360.0
6353.0,6162.0,1.7062499999999998,0.3499999999999999,0.0,0.0,0.0,0.0,0.0,0.0,1.0,-360.0,360.0
6354.0,6322.0,5.299999999999999,0.8124999999999998,0.0,0.0,0.0,0.0,0.0,0.0,1.0,-360.0,360.0
6355.0,6330.0,5.687499999999999,0.8749999999999998,0.0,0.0,0.0,0.0,0.0,0.0,1.0,-360.0,360.0
6356.0,553.0,24.118749999999995,3.7124999999999995,0.0,0.0,0.0,0.0,0.0,0.0,1.0,-360.0,360.0
6357.0,6431.0,4.081249999999999,0.6312499999999999,0.0,0.0,0.0,0.0,0.0,0.0,1.0,-360.0,360.0
6358.0,6511.0,2.6562499999999996,1.3249999999999997,0.0,0.0,0.0,0.0,0.0,0.0,1.0,-360.0,360.0
6359.0,6265.0,4.062499999999999,0.6249999999999999,0.0,0.0,0.0,0.0,0.0,0.0,1.0,-360.0,360.0
6360.0,6514.0,13.487499999999999,2.0749999999999997,0.0,0.0,0.0,0.0,0.0,0.0,1.0,-360.0,360.0
6361.0,6224.0,9.687499999999998,1.4937499999999997,0.0,0.0,0.0,0.0,0.0,0.0,1.0,-360.0,360.0
6362.0,6161.0,3.9437499999999996,0.8062499999999999,0.0,0.0,0.0,0.0,0.0,0.0,1.0,-360.0,360.0
6363.0,6455.0,1.9499999999999995,0.9749999999999998,0.0,0.0,0.0,0.0,0.0,0.0,1.0,-360.0,360.0
6364.0,6262.0,4.081249999999999,0.6312499999999999,0.0,0.0,0.0,0.0,0.0,0.0,1.0,-360.0,360.0
6365.0,547.0,30.037499999999998,4.6187499999999995,0.0,0.0,0.0,0.0,0.0,0.0,1.0,-360.0,360.0
6366.0,533.0,97.15624999999999,14.943749999999998,0.0,0.0,0.0,0.0,0.0,0.0,1.0,-360.0,360.0
6367.0,534.0,0.0062499999999999995,0.0,0.0,0.0,0.0,0.0,0.0,0.0,1.0,-360.0,360.0
6368.0,6500.0,5.749999999999999,1.1812499999999997,0.0,0.0,0.0,0.0,0.0,0.0,1.0,-360.0,360.0
6369.0,6363.0,4.874999999999999,0.7499999999999998,0.0,0.0,0.0,0.0,0.0,0.0,1.0,-360.0,360.0
6370.0,6105.0,7.899999999999999,1.2124999999999997,0.0,0.0,0.0,0.0,0.0,0.0,1.0,-360.0,360.0
6371.0,6438.0,7.331249999999998,1.1249999999999998,0.0,0.0,0.0,0.0,0.0,0.0,1.0,-360.0,360.0
6372.0,6120.0,6.174999999999999,0.9499999999999997,0.0,0.0,0.0,0.0,0.0,0.0,1.0,-360.0,360.0
6373.0,6341.0,17.893749999999997,2.756249999999999,0.0,0.0,0.0,0.0,0.0,0.0,1.0,-360.0,360.0
6374.0,6304.0,5.412499999999999,1.1124999999999998,0.0,0.0,0.0,0.0,0.0,0.0,1.0,-360.0,360.0
6375.0,6178.0,7.368749999999999,1.1312499999999999,0.0,0.0,0.0,0.0,0.0,0.0,1.0,-360.0,360.0
6376.0,6503.0,2.9249999999999994,0.5999999999999999,0.0,0.0,0.0,0.0,0.0,0.0,1.0,-360.0,360.0
6377.0,6211.0,4.468749999999999,0.6874999999999999,0.0,0.0,0.0,0.0,0.0,0.0,1.0,-360.0,360.0
6378.0,6465.0,8.306249999999999,1.2749999999999997,0.0,0.0,0.0,0.0,0.0,0.0,1.0,-360.0,360.0
6379.0,6264.0,6.037499999999999,0.9312499999999998,0.0,0.0,0.0,0.0,0.0,0.0,1.0,-360.0,360.0
6380.0,537.0,0.0062499999999999995,0.0,0.0,0.0,0.0,0.0,0.0,0.0,1.0,-360.0,360.0
6381.0,6151.0,9.824999999999998,1.5124999999999997,0.0,0.0,0.0,0.0,0.0,0.0,1.0,-360.0,360.0
6382.0,547.0,24.949999999999992,12.474999999999996,0.0,0.0,0.0,0.0,0.0,0.0,1.0,-360.0,360.0
6383.0,6313.0,9.343749999999998,1.4374999999999998,0.0,0.0,0.0,0.0,0.0,0.0,1.0,-360.0,360.0
6384.0,6358.0,9.249999999999998,1.4249999999999996,0.0,0.0,0.0,0.0,0.0,0.0,1.0,-360.0,360.0
6385.0,6471.0,9.081249999999999,1.3999999999999997,0.0,0.0,0.0,0.0,0.0,0.0,1.0,-360.0,360.0
6386.0,543.0,4.874999999999999,0.9999999999999999,0.0,0.0,0.0,0.0,0.0,0.0,1.0,-360.0,360.0
6387.0,6192.0,4.062499999999999,0.6249999999999999,0.0,0.0,0.0,0.0,0.0,0.0,1.0,-360.0,360.0
6388.0,545.0,0.0062499999999999995,0.0,0.0,0.0,0.0,0.0,0.0,0.0,1.0,-360.0,360.0
6389.0,542.0,0.0062499999999999995,0.0,0.0,0.0,0.0,0.0,0.0,0.0,1.0,-360.0,360.0
6390.0,545.0,15.068749999999996,3.0937499999999996,0.0,0.0,0.0,0.0,0.0,0.0,1.0,-360.0,360.0
6391.0,6388.0,4.143749999999999,0.8499999999999998,0.0,0.0,0.0,0.0,0.0,0.0,1.0,-360.0,360.0
6392.0,6187.0,6.2749999999999995,0.9624999999999999,0.0,0.0,0.0,0.0,0.0,0.0,1.0,-360.0,360.0
6393.0,6361.0,9.387499999999998,1.4437499999999996,0.0,0.0,0.0,0.0,0.0,0.0,1.0,-360.0,360.0
6394.0,546.0,27.406249999999996,4.218749999999999,0.0,0.0,0.0,0.0,0.0,0.0,1.0,-360.0,360.0
6395.0,6183.0,3.0187499999999994,1.5124999999999997,0.0,0.0,0.0,0.0,0.0,0.0,1.0,-360.0,360.0
6396.0,6528.0,4.062499999999999,0.6249999999999999,0.0,0.0,0.0,0.0,0.0,0.0,1.0,-360.0,360.0
6397.0,6359.0,10.874999999999996,1.6749999999999998,0.0,0.0,0.0,0.0,0.0,0.0,1.0,-360.0,360.0
6398.0,6133.0,10.131249999999998,1.5562499999999997,0.0,0.0,0.0,0.0,0.0,0.0,1.0,-360.0,360.0
6399.0,6170.0,13.456249999999997,2.7624999999999997,0.0,0.0,0.0,0.0,0.0,0.0,1.0,-360.0,360.0
6400.0,6141.0,7.218749999999998,1.1124999999999998,0.0,0.0,0.0,0.0,0.0,0.0,1.0,-360.0,360.0
6401.0,6294.0,4.899999999999999,1.0062499999999999,0.0,0.0,0.0,0.0,0.0,0.0,1.0,-360.0,360.0
6402.0,6384.0,11.049999999999999,1.6999999999999995,0.0,0.0,0.0,0.0,0.0,0.0,1.0,-360.0,360.0
6403.0,6458.0,5.706249999999998,0.8749999999999998,0.0,0.0,0.0,0.0,0.0,0.0,1.0,-360.0,360.0
6404.0,544.0,0.0062499999999999995,0.0,0.0,0.0,0.0,0.0,0.0,0.0,1.0,-360.0,360.0
6405.0,6416.0,11.074999999999998,1.7062499999999998,0.0,0.0,0.0,0.0,0.0,0.0,1.0,-360.0,360.0
6406.0,6184.0,3.249999999999999,0.49999999999999994,0.0,0.0,0.0,0.0,0.0,0.0,1.0,-360.0,360.0
6407.0,6121.0,20.981249999999992,3.2312499999999993,0.0,0.0,0.0,0.0,0.0,0.0,1.0,-360.0,360.0
6408.0,6520.0,2.8437499999999996,0.4374999999999999,0.0,0.0,0.0,0.0,0.0,0.0,1.0,-360.0,360.0
6409.0,6405.0,3.6562499999999996,0.5624999999999999,0.0,0.0,0.0,0.0,0.0,0.0,1.0,-360.0,360.0
6410.0,6247.0,4.374999999999999,0.6749999999999999,0.0,0.0,0.0,0.0,0.0,0.0,1.0,-360.0,360.0
6411.0,538.0,28.718749999999993,4.418749999999999,0.0,0.0,0.0,0.0,0.0,0.0,1.0,-360.0,360.0
6412.0,6139.0,9.787499999999998,1.5062499999999999,0.0,0.0,0.0,0.0,0.0,0.0,1.0,-360.0,360.0
6413.0,6362.0,3.7624999999999993,0.7749999999999999,0.0,0.0,0.0,0.0,0.0,0.0,1.0,-360.0,360.0
6414.0,6484.0,10.043749999999996,1.5437499999999997,0.0,0.0,0.0,0.0,0.0,0.0,1.0,-360.0,360.0
6415.0,6321.0,17.062499999999996,2.6249999999999996,0.0,0.0,0.0,0.0,0.0,0.0,1.0,-360.0,360.0
6416.0,6404.0,7.393749999999999,1.1374999999999997,0.0,0.0,0.0,0.0,0.0,0.0,1.0,-360.0,360.0
6417.0,6525.0,8.481249999999998,1.3062499999999997,0.0,0.0,0.0,0.0,0.0,0.0,1.0,-360.0,360.0
6418.0,6219.0,7.718749999999998,1.1874999999999998,0.0,0.0,0.0,0.0,0.0,0.0,1.0,-360.0,360.0
6419.0,549.0,11.468749999999998,2.3499999999999996,0.0,0.0,0.0,0.0,0.0,0.0,1.0,-360.0,360.0
6420.0,6352.0,5.7437499999999995,0.8812499999999999,0.0,0.0,0.0,0.0,0.0,0.0,1.0,-360.0,360.0
6421.0,6197.0,16.837499999999995,2.5874999999999995,0.0,0.0,0.0,0.0,0.0,0.0,1.0,-360.0,360.0
6422.0,6143.0,27.80624999999999,4.2749999999999995,0.0,0.0,0.0,0.0,0.0,0.0,1.0,-360.0,360.0
6423.0,6146.0,5.706249999999998,0.8749999999999998,0.0,0.0,0.0,0.0,0.0,0.0,1.0,-360.0,360.0
6424.0,6535.0,14.243749999999999,2.1937499999999996,0.0,0.0,0.0,0.0,0.0,0.0,1.0,-360.0,360.0
6425.0,6435.0,1.3749999999999998,0.6874999999999999,0.0,0.0,0.0,0.0,0.0,0.0,1.0,-360.0,360.0
6426.0,6247.0,7.312499999999999,1.1249999999999998,0.0,0.0,0.0,0.0,0.0,0.0,1.0,-360.0,360.0
6427.0,6502.0,3.456249999999999,0.7062499999999999,0.0,0.0,0.0,0.0,0.0,0.0,1.0,-360.0,360.0
6428.0,6358.0,2.4374999999999996,0.3749999999999999,0.0,0.0,0.0,0.0,0.0,0.0,1.0,-360.0,360.0
6429.0,540.0,11.824999999999998,5.912499999999999,0.0,0.0,0.0,0.0,0.0,0.0,1.0,-360.0,360.0
6430.0,6533.0,11.812499999999998,2.4249999999999994,0.0,0.0,0.0,0.0,0.0,0.0,1.0,-360.0,360.0
6431.0,6227.0,8.206249999999999,1.2624999999999997,0.0,0.0,0.0,0.0,0.0,0.0,1.0,-360.0,360.0
6432.0,6447.0,4.468749999999999,0.6874999999999999,0.0,0.0,0.0,0.0,0.0,0.0,1.0,-360.0,360.0
6433.0,6257.0,4.062499999999999,0.6249999999999999,0.0,0.0,0.0,0.0,0.0,0.0,1.0,-360.0,360.0
6434.0,543.0,0.0062499999999999995,0.0,0.0,0.0,0.0,0.0,0.0,0.0,1.0,-360.0,360.0
6435.0,6207.0,1.3062499999999997,0.6499999999999999,0.0,0.0,0.0,0.0,0.0,0.0,1.0,-360.0,360.0
6436.0,6527.0,6.499999999999998,0.9999999999999999,0.0,0.0,0.0,0.0,0.0,0.0,1.0,-360.0,360.0
6437.0,6395.0,8.124999999999998,1.2499999999999998,0.0,0.0,0.0,0.0,0.0,0.0,1.0,-360.0,360.0
6438.0,6412.0,17.562499999999996,2.6999999999999997,0.0,0.0,0.0,0.0,0.0,0.0,1.0,-360.0,360.0
6439.0,6535.0,4.874999999999999,0.7499999999999998,0.0,0.0,0.0,0.0,0.0,0.0,1.0,-360.0,360.0
6440.0,535.0,3.818749999999999,1.9062499999999998,0.0,0.0,0.0,0.0,0.0,0.0,1.0,-360.0,360.0
6441.0,6297.0,8.012499999999998,1.2312499999999997,0.0,0.0,0.0,0.0,0.0,0.0,1.0,-360.0,360.0
6442.0,547.0,34.443749999999994,17.218749999999996,0.0,0.0,0.0,0.0,0.0,0.0,1.0,-360.0,360.0
6443.0,6335.0,13.124999999999998,2.0187499999999994,0.0,0.0,0.0,0.0,0.0,0.0,1.0,-360.0,360.0
6444.0,6210.0,2.3437499999999996,1.1749999999999998,0.0,0.0,0.0,0.0,0.0,0.0,1.0,-360.0,360.0
6445.0,6441.0,4.468749999999999,0.6874999999999999,0.0,0.0,0.0,0.0,0.0,0.0,1.0,-360.0,360.0
6446.0,6235.0,15.643749999999997,2.4062499999999996,0.0,0.0,0.0,0.0,0.0,0.0,1.0,-360.0,360.0
6447.0,552.0,29.124999999999996,4.481249999999999,0.0,0.0,0.0,0.0,0.0,0.0,1.0,-360.0,360.0
6448.0,6268.0,8.143749999999999,1.2499999999999998,0.0,0.0,0.0,0.0,0.0,0.0,1.0,-360.0,360.0
6449.0,6196.0,13.624999999999998,2.0937499999999996,0.0,0.0,0.0,0.0,0.0,0.0,1.0,-360.0,360.0
6450.0,6379.0,8.724999999999998,1.3437499999999998,0.0,0.0,0.0,0.0,0.0,0.0,1.0,-360.0,360.0
6451.0,6161.0,4.437499999999999,0.9124999999999998,0.0,0.0,0.0,0.0,0.0,0.0,1.0,-360.0,360.0
6452.0,6497.0,6.581249999999998,1.0124999999999997,0.0,0.0,0.0,0.0,0.0,0.0,1.0,-360.0,360.0
6453.0,6388.0,5.031249999999999,1.0312499999999998,0.0,0.0,0.0,0.0,0.0,0.0,1.0,-360.0,360.0
6454.0,6295.0,6.906249999999999,1.0624999999999998,0.0,0.0,0.0,0.0,0.0,0.0,1.0,-360.0,360.0
6455.0,536.0,2.5499999999999994,1.2749999999999997,0.0,0.0,0.0,0.0,0.0,0.0,1.0,-360.0,360.0
6456.0,541.0,1.3749999999999998,0.6874999999999999,0.0,0.0,0.0,0.0,0.0,0.0,1.0,-360.0,360.0
6457.0,6444.0,2.6249999999999996,1.3124999999999998,0.0,0.0,0.0,0.0,0.0,0.0,1.0,-360.0,360.0
6458.0,6315.0,5.687499999999999,0.8749999999999998,0.0,0.0,0.0,0.0,0.0,0.0,1.0,-360.0,360.0
6459.0,6217.0,127.24999999999997,19.574999999999996,0.0,0.0,0.0,0.0,0.0,0.0,1.0,-360.0,360.0
6460.0,6336.0,6.987499999999998,1.0749999999999997,0.0,0.0,0.0,0.0,0.0,0.0,1.0,-360.0,360.0
6461.0,6476.0,4.081249999999999,0.6312499999999999,0.0,0.0,0.0,0.0,0.0,0.0,1.0,-360.0,360.0
6462.0,6461.0,3.6562499999999996,0.5624999999999999,0.0,0.0,0.0,0.0,0.0,0.0,1.0,-360.0,360.0
6463.0,6442.0,21.724999999999994,3.343749999999999,0.0,0.0,0.0,0.0,0.0,0.0,1.0,-360.0,360.0
6464.0,6305.0,9.612499999999999,1.4812499999999997,0.0,0.0,0.0,0.0,0.0,0.0,1.0,-360.0,360.0
6465.0,6296.0,8.124999999999998,1.2499999999999998,0.0,0.0,0.0,0.0,0.0,0.0,1.0,-360.0,360.0
6466.0,6196.0,8.518749999999999,1.3124999999999998,0.0,0.0,0.0,0.0,0.0,0.0,1.0,-360.0,360.0
6467.0,6377.0,4.143749999999999,0.6374999999999998,0.0,0.0,0.0,0.0,0.0,0.0,1.0,-360.0,360.0
6468.0,6151.0,6.499999999999998,0.9999999999999999,0.0,0.0,0.0,0.0,0.0,0.0,1.0,-360.0,360.0
6469.0,6432.0,2.8437499999999996,0.4374999999999999,0.0,0.0,0.0,0.0,0.0,0.0,1.0,-360.0,360.0
6470.0,6185.0,4.081249999999999,0.6312499999999999,0.0,0.0,0.0,0.0,0.0,0.0,1.0,-360.0,360.0
6471.0,6543.0,11.693749999999998,1.7999999999999998,0.0,0.0,0.0,0.0,0.0,0.0,1.0,-360.0,360.0
6472.0,6270.0,8.324999999999998,1.2812499999999998,0.0,0.0,0.0,0.0,0.0,0.0,1.0,-360.0,360.0
6473.0,6522.0,11.412499999999996,1.7562499999999996,0.0,0.0,0.0,0.0,0.0,0.0,1.0,-360.0,360.0
6474.0,6355.0,6.499999999999998,0.9999999999999999,0.0,0.0,0.0,0.0,0.0,0.0,1.0,-360.0,360.0
6475.0,6299.0,8.531249999999998,1.3124999999999998,0.0,0.0,0.0,0.0,0.0,0.0,1.0,-360.0,360.0
6476.0,6307.0,8.612499999999999,1.3249999999999997,0.0,0.0,0.0,0.0,0.0,0.0,1.0,-360.0,360.0
6477.0,6160.0,10.424999999999999,1.6062499999999995,0.0,0.0,0.0,0.0,0.0,0.0,1.0,-360.0,360.0
6478.0,6351.0,8.124999999999998,1.2499999999999998,0.0,0.0,0.0,0.0,0.0,0.0,1.0,-360.0,360.0
6479.0,6277.0,10.237499999999999,1.5749999999999997,0.0,0.0,0.0,0.0,0.0,0.0,1.0,-360.0,360.0
6480.0,6167.0,4.737499999999999,0.7312499999999998,0.0,0.0,0.0,0.0,0.0,0.0,1.0,-360.0,360.0
6481.0,6456.0,4.381249999999999,2.1874999999999996,0.0,0.0,0.0,0.0,0.0,0.0,1.0,-360.0,360.0
6482.0,6105.0,12.862499999999999,1.9812499999999997,0.0,0.0,0.0,0.0,0.0,0.0,1.0,-360.0,360.0
6483.0,6430.0,4.3999999999999995,0.8999999999999999,0.0,0.0,0.0,0.0,0.0,0.0,1.0,-360.0,360.0
6484.0,537.0,25.262499999999992,3.8874999999999997,0.0,0.0,0.0,0.0,0.0,0.0,1.0,-360.0,360.0
6485.0,6324.0,3.249999999999999,0.49999999999999994,0.0,0.0,0.0,0.0,0.0,0.0,1.0,-360.0,360.0
6486.0,6410.0,5.299999999999999,0.8124999999999998,0.0,0.0,0.0,0.0,0.0,0.0,1.0,-360.0,360.0
6487.0,6419.0,2.5249999999999995,1.2624999999999997,0.0,0.0,0.0,0.0,0.0,0.0,1.0,-360.0,360.0
6488.0,6418.0,7.324999999999998,1.1249999999999998,0.0,0.0,0.0,0.0,0.0,0.0,1.0,-360.0,360.0
6489.0,6386.0,6.099999999999999,1.2499999999999998,0.0,0.0,0.0,0.0,0.0,0.0,1.0,-360.0,360.0
6490.0,6369.0,6.662499999999999,1.0249999999999997,0.0,0.0,0.0,0.0,0.0,0.0,1.0,-360.0,360.0
6491.0,6433.0,6.093749999999999,0.9374999999999999,0.0,0.0,0.0,0.0,0.0,0.0,1.0,-360.0,360.0
6492.0,6310.0,2.681249999999999,0.5499999999999999,0.0,0.0,0.0,0.0,0.0,0.0,1.0,-360.0,360.0
6493.0,6175.0,4.374999999999999,0.6749999999999999,0.0,0.0,0.0,0.0,0.0,0.0,1.0,-360.0,360.0
6494.0,6155.0,9.931249999999999,1.5249999999999997,0.0,0.0,0.0,0.0,0.0,0.0,1.0,-360.0,360.0
6495.0,6231.0,3.6562499999999996,0.5624999999999999,0.0,0.0,0.0,0.0,0.0,0.0,1.0,-360.0,360.0
6496.0,6316.0,5.199999999999999,0.7999999999999999,0.0,0.0,0.0,0.0,0.0,0.0,1.0,-360.0,360.0
6497.0,6338.0,9.449999999999998,1.4562499999999998,0.0,0.0,0.0,0.0,0.0,0.0,1.0,-360.0,360.0
6498.0,6183.0,9.787499999999998,1.5062499999999999,0.0,0.0,0.0,0.0,0.0,0.0,1.0,-360.0,360.0
6499.0,6527.0,12.274999999999999,1.8874999999999997,0.0,0.0,0.0,0.0,0.0,0.0,1.0,-360.0,360.0
6500.0,6390.0,5.656249999999999,1.1624999999999999,0.0,0.0,0.0,0.0,0.0,0.0,1.0,-360.0,360.0
6501.0,6265.0,21.962499999999995,3.381249999999999,0.0,0.0,0.0,0.0,0.0,0.0,1.0,-360.0,360.0
6502.0,6137.0,1.7062499999999998,0.3499999999999999,0.0,0.0,0.0,0.0,0.0,0.0,1.0,-360.0,360.0
6503.0,6159.0,8.399999999999999,1.7249999999999999,0.0,0.0,0.0,0.0,0.0,0.0,1.0,-360.0,360.0
6504.0,6328.0,9.362499999999999,1.4437499999999996,0.0,0.0,0.0,0.0,0.0,0.0,1.0,-360.0,360.0
6505.0,6134.0,6.906249999999999,1.0624999999999998,0.0,0.0,0.0,0.0,0.0,0.0,1.0,-360.0,360.0
6506.0,6411.0,6.499999999999998,0.9999999999999999,0.0,0.0,0.0,0.0,0.0,0.0,1.0,-360.0,360.0
6507.0,6495.0,35.168749999999996,5.412499999999999,0.0,0.0,0.0,0.0,0.0,0.0,1.0,-360.0,360.0
6508.0,6394.0,6.518749999999999,1.0062499999999999,0.0,0.0,0.0,0.0,0.0,0.0,1.0,-360.0,360.0
6509.0,6477.0,6.324999999999999,1.2999999999999998,0.0,0.0,0.0,0.0,0.0,0.0,1.0,-360.0,360.0
6510.0,544.0,12.062499999999998,2.4749999999999996,0.0,0.0,0.0,0.0,0.0,0.0,1.0,-360.0,360.0
6511.0,538.0,3.6749999999999994,1.8374999999999997,0.0,0.0,0.0,0.0,0.0,0.0,1.0,-360.0,360.0
6512.0,6164.0,16.168749999999996,2.4874999999999994,0.0,0.0,0.0,0.0,0.0,0.0,1.0,-360.0,360.0
6513.0,535.0,5.193749999999999,2.5999999999999996,0.0,0.0,0.0,0.0,0.0,0.0,1.0,-360.0,360.0
6514.0,542.0,7.693749999999999,3.8499999999999996,0.0,0.0,0.0,0.0,0.0,0.0,1.0,-360.0,360.0
6515.0,6241.0,8.324999999999998,1.2812499999999998,0.0,0.0,0.0,0.0,0.0,0.0,1.0,-360.0,360.0
6516.0,6309.0,6.581249999999998,1.3499999999999999,0.0,0.0,0.0,0.0,0.0,0.0,1.0,-360.0,360.0
6517.0,6446.0,15.562499999999996,2.3937499999999994,0.0,0.0,0.0,0.0,0.0,0.0,1.0,-360.0,360.0
6518.0,6453.0,4.9312499999999995,1.0124999999999997,0.0,0.0,0.0,0.0,0.0,0.0,1.0,-360.0,360.0
6519.0,6305.0,18.687499999999996,2.8749999999999996,0.0,0.0,0.0,0.0,0.0,0.0,1.0,-360.0,360.0
6520.0,6366.0,2.0312499999999996,0.31249999999999994,0.0,0.0,0.0,0.0,0.0,0.0,1.0,-360.0,360.0
6521.0,6354.0,19.956249999999997,3.0687499999999996,0.0,0.0,0.0,0.0,0.0,0.0,1.0,-360.0,360.0
6522.0,6415.0,7.562499999999998,1.1624999999999999,0.0,0.0,0.0,0.0,0.0,0.0,1.0,-360.0,360.0
6523.0,6496.0,4.374999999999999,0.6749999999999999,0.0,0.0,0.0,0.0,0.0,0.0,1.0,-360.0,360.0
6524.0,6346.0,3.456249999999999,0.7062499999999999,0.0,0.0,0.0,0.0,0.0,0.0,1.0,-360.0,360.0
6525.0,6295.0,21.168749999999996,3.2562499999999996,0.0,0.0,0.0,0.0,0.0,0.0,1.0,-360.0,360.0
6526.0,6354.0,27.899999999999995,4.293749999999999,0.0,0.0,0.0,0.0,0.0,0.0,1.0,-360.0,360.0
6527.0,6253.0,5.768749999999999,0.8874999999999997,0.0,0.0,0.0,0.0,0.0,0.0,1.0,-360.0,360.0
6528.0,6409.0,9.449999999999998,1.4562499999999998,0.0,0.0,0.0,0.0,0.0,0.0,1.0,-360.0,360.0
6529.0,6284.0,6.518749999999999,1.0062499999999999,0.0,0.0,0.0,0.0,0.0,0.0,1.0,-360.0,360.0
6530.0,6411.0,13.874999999999998,2.1374999999999997,0.0,0.0,0.0,0.0,0.0,0.0,1.0,-360.0,360.0
6531.0,550.0,5.0562499999999995,2.5249999999999995,0.0,0.0,0.0,0.0,0.0,0.0,1.0,-360.0,360.0
6532.0,6108.0,3.6562499999999996,0.5624999999999999,0.0,0.0,0.0,0.0,0.0,0.0,1.0,-360.0,360.0
6533.0,6300.0,5.1187499999999995,1.0499999999999998,0.0,0.0,0.0,0.0,0.0,0.0,1.0,-360.0,360.0
6534.0,6252.0,9.768749999999999,1.5062499999999999,0.0,0.0,0.0,0.0,0.0,0.0,1.0,-360.0,360.0
6535.0,6238.0,9.837499999999999,1.5124999999999997,0.0,0.0,0.0,0.0,0.0,0.0,1.0,-360.0,360.0
6536.0,6272.0,19.056249999999995,2.9312499999999995,0.0,0.0,0.0,0.0,0.0,0.0,1.0,-360.0,360.0
6537.0,6463.0,13.462499999999997,2.0687499999999996,0.0,0.0,0.0,0.0,0.0,0.0,1.0,-360.0,360.0
6538.0,6179.0,13.018749999999999,1.9999999999999998,0.0,0.0,0.0,0.0,0.0,0.0,1.0,-360.0,360.0
6539.0,6399.0,3.424999999999999,0.6999999999999998,0.0,0.0,0.0,0.0,0.0,0.0,1.0,-360.0,360.0
6540.0,547.0,2.9374999999999996,1.4687499999999998,0.0,0.0,0.0,0.0,0.0,0.0,1.0,-360.0,360.0
6541.0,6404.0,3.6562499999999996,0.5624999999999999,0.0,0.0,0.0,0.0,0.0,0.0,1.0,-360.0,360.0
6542.0,6531.0,2.2562499999999996,1.1249999999999998,0.0,0.0,0.0,0.0,0.0,0.0,1.0,-360.0,360.0
6543.0,538.0,28.993749999999995,4.4624999999999995,0.0,0.0,0.0,0.0,0.0,0.0,1.0,-360.0,360.0
6544.0,520.0,0.04169,0.03871,0.0,0.0,0.0,0.0,0.0,0.0,1.0,-360.0,360.0
6545.0,6552.0,0.09014,0.0837,0.0,0.0,0.0,0.0,0.0,0.0,1.0,-360.0,360.0
6546.0,6555.0,0.0231,0.02145,0.0,0.0,0.0,0.0,0.0,0.0,1.0,-360.0,360.0
6547.0,524.0,0.12485999999999998,0.11594000000000002,0.0,0.0,0.0,0.0,0.0,0.0,1.0,-360.0,360.0
6548.0,524.0,0.02882,0.015090000000000001,0.0,0.0,0.0,0.0,0.0,0.0,1.0,-360.0,360.0
6549.0,6545.0,0.031389999999999994,0.02915,0.0,0.0,0.0,0.0,0.0,0.0,1.0,-360.0,360.0
6550.0,512.0,0.14544,0.13505,0.0,0.0,0.0,0.0,0.0,0.0,1.0,-360.0,360.0
6551.0,528.0,0.15088,0.14010999999999998,0.0,0.0,0.0,0.0,0.0,0.0,1.0,-360.0,360.0
6552.0,521.0,0.16237000000000001,0.15077000000000002,0.0,0.0,0.0,0.0,0.0,0.0,1.0,-360.0,360.0
6553.0,515.0,0.01081,0.01004,0.0,0.0,0.0,0.0,0.0,0.0,1.0,-360.0,360.0
6554.0,527.0,0.17789000000000002,0.16518,0.0,0.0,0.0,0.0,0.0,0.0,1.0,-360.0,360.0
6555.0,525.0,0.08354,0.07757,0.0,0.0,0.0,0.0,0.0,0.0,1.0,-360.0,360.0
