mean_intensity,median_intensity,sd_intensity,min_intensity,max_intensity,mean_ratio,mean_difference,mean_all_ratio,mean_all_difference,mean_max_ratio,mean_max_difference,lbp_mean,lbp_std,contrast,correlation,energy,homogeneity,area,perimeter,eccentricity,major_axis_length,minor_axis_length,solidity,extent,hog_mean,hog_std,label
84.296875,80.5,37.7995038358227,27,148,2.4934229237770196,50.48918269230769,4.117006769190326,63.82159290164719,1.5249236261284456,44.249421296296305,4.622222222222222,2.3217702909527067,0.18929819330988015,0.9273393856158811,0.9998258900385681,0.9998376479308908,64.0,28.970562748477143,0.5843603328834488,10.047558650807058,8.153536589026398,0.9142857142857143,0.7111111111111111,0.11852986012156592,0.11716846859046648,1
135.5275590551181,143.0,45.74713566553477,28,204,3.4125644366396646,95.81327334083238,6.643476038333435,115.12746153491749,1.3297828388462831,44.694663167104125,4.704142011834319,2.2336945018873178,0.9405845166088626,0.9522831213460311,0.9994687598363443,0.9994856084443795,127.0,39.798989873223334,0.5251752217314342,13.811079395911037,11.753147309747,0.9548872180451128,0.7514792899408284,0.10006205105453203,0.13328677243947387,1
82.38938053097345,80.0,28.718170877587436,31,160,2.0547229937773186,42.2918195553637,4.038675817573408,61.98928301077284,2.1874448024823963,97.83284169124877,4.707792207792208,2.2300350142126932,0.49369720795039734,0.9243491566358089,0.9995180892949806,0.9995522077590427,113.0,40.04163056034261,0.5597295636779326,13.261834012687308,10.989754780847042,0.9338842975206612,0.7337662337662337,0.11863742837411012,0.117059550488374,1
30.526315789473685,29.0,8.419078716023078,20,57,1.2853185595567866,6.776315789473685,1.4908862130856533,10.051033691120878,4.210999361430396,98.01998050682262,4.864197530864198,2.8142191269186716,0.03687794407012105,0.8647215191611999,0.9998402005364322,0.9998579333620475,57.0,27.556349186104047,0.4497858254566754,9.06965172526896,8.100436508591681,0.890625,0.7037037037037037,0.13034960918990024,0.10385931425427503,0
51.513888888888886,51.0,14.758230336131803,21,80,1.5368784530386739,17.995370370370367,2.757111473910194,32.829882320293095,2.630460756907097,83.99137426900586,4.797979797979798,2.416190331237089,0.1482963601414627,0.8951185030585159,0.9997161173265813,0.9997289015135931,72.0,30.72792206135785,0.42725178576791795,10.11191645431553,9.142514171387939,0.9,0.7272727272727273,0.12222858442712552,0.11330468181544014,1
122.25,131.5,44.08328082332516,29,182,3.188338301043219,83.90714285714286,5.992618411698544,101.84990247979938,1.4742104067257442,57.97222222222223,4.748251748251748,2.2359695616619564,0.8992084512814285,0.9350151153529752,0.9995408566836862,0.9995546345421584,108.0,36.384776310850235,0.7189277766020308,14.056522674352088,9.770474977162701,0.972972972972973,0.7552447552447552,0.0953406204991553,0.13670385456060294,1
119.72727272727273,125.0,49.21357663171024,31,215,2.79053576833821,76.82251082251082,6.408008490454674,101.04326615867694,1.131782759860928,15.777990430622012,4.225,1.9893989879693148,0.7523445997250097,0.9336821577177262,0.9996203496268199,0.9996287136808717,99.0,35.55634918610404,0.5915817012152885,12.536069936530797,10.107144411596021,0.9611650485436893,0.825,0.12506838277829505,0.11016205063863078,1
81.72268907563026,85.0,31.80400174856387,24,133,3.4615503660027547,58.11399342345634,3.9912851350753638,61.24740697727745,1.5729572503094353,46.82360722066605,4.848484848484849,2.2254888754201665,0.25128137857015087,0.9424218350642678,0.9996804009207078,0.9996967084778693,119.0,39.798989873223334,0.7177719506335776,14.784771455324387,10.294315065878457,0.937007874015748,0.7212121212121212,0.10550064142321457,0.1290247744759965,1
78.18604651162791,86.0,28.50439037089622,17,123,2.6645682842326943,48.843189368770766,4.184650986102925,59.502039943032116,1.7331131218886002,57.31921664626684,4.892561983471074,2.4656370705181696,0.29873381354019174,0.9266580118305431,0.9996682334489069,0.9996810751290715,86.0,33.55634918610404,0.5544663504333687,11.526368178855927,9.592314417320852,0.9052631578947369,0.7107438016528925,0.10259121966042074,0.13134998826554584,1
122.2,106.0,68.54626736176645,33,255,3.1484702093397745,83.3875,5.968171740590121,101.7247179016472,1.0519336849124084,6.346296296296302,4.296296296296297,1.9528039002168989,0.47582612843599065,0.9218186499233058,0.9998211199053278,0.9998267173415163,65.0,28.727922061357855,0.38792124971534214,9.513888742625584,8.76888010358499,0.9420289855072463,0.8024691358024691,0.12665691898489623,0.10833190963574135,1
91.59836065573771,93.0,30.066500021486682,36,147,2.247812531429146,50.84836065573771,4.902500987646668,72.91435408714192,1.4793415754150478,43.90690250215704,4.558441558441558,2.1350112168171935,0.447775794017252,0.9422491183778967,0.9995348428275934,0.9995580711097566,122.0,40.384776310850235,0.6114887569113167,14.03685864455318,11.106708199819572,0.9384615384615385,0.7922077922077922,0.11484003328454634,0.12078718692581364,1
106.70422535211267,113.5,36.569977051989234,26,164,3.474612380163333,75.99454793275783,5.230574277718617,86.30412783191206,1.6889886190308578,73.51799687010956,4.892156862745098,2.3217085609655546,0.8056114201583099,0.9412160755849154,0.9993966629313888,0.9994146669229662,142.0,44.62741699796952,0.7186634433584248,16.278909888756605,11.319671475095273,0.9342105263157895,0.696078431372549,0.10391494090654235,0.13030526783674615,1
113.9375,119.5,37.01615990010309,37,200,2.467705754950495,67.76607142857142,5.592207825176827,93.56316779313191,1.2983258365331871,33.9905,4.4051282051282055,2.0693054350586926,0.5620253694916675,0.9532499569417595,0.9995417364108048,0.999570290175732,160.0,43.798989873223334,0.519940824686684,15.4283715174416,13.178950160001248,0.9815950920245399,0.8205128205128205,0.1085493263901392,0.12647063497187766,1
13.801128164764528,14.0,3.4139505583753293,0,35,1.9055934315942284,6.558697572831578,0.7724797801258518,-4.06487754805304,10.747331626374327,134.52417304005476,6.867835507921715,2.4523074177160633,0.3509053109053109,0.9690347325372629,0.9710171415682842,0.982278160531864,7623.0,411.5290039756343,0.9491805387234938,178.09622753292015,56.052602561936524,0.9512103818317944,0.4440237651444548,0.06732243238817798,0.10662205814745217,0
13.659615883726966,14.0,3.650941814200748,0,27,2.6298052301116948,8.465460922240785,0.6704325690302808,-6.714716323141127,10.829587102535601,134.26838411627304,6.4743399339934,2.7925824031717106,0.22198828939236823,0.9719581526570338,0.9802330018627871,0.9883287606793907,7706.0,377.5990257669732,0.5760693770541223,116.0936467932928,94.89504011739254,0.9372415470688397,0.6358085808580858,0.09274680610235377,0.11291678833444165,0
150.21782178217822,154.0,61.415579015022054,37,255,3.1337499833428835,102.28233791121048,7.363583513923368,129.81772426197762,1.1997392858189062,30.00440044004401,4.515151515151516,2.105133870661625,1.0984313219546626,0.9455710305527678,0.9995674187068045,0.9995850254224548,101.0,38.04163056034261,0.28844168883916077,11.633698706161907,11.139236999422105,0.9351851851851852,0.7651515151515151,0.1097177695945635,0.1254583150133265,1
120.02325581395348,120.0,44.24271763599384,28,202,3.4489441325848706,85.22325581395349,6.7179680642240855,102.15725010113592,1.2358046796758824,28.3020453908658,4.579881656804734,2.019390612916023,0.7311207711207712,0.9541646312342182,0.9994632400029173,0.9994827306206752,129.0,39.798989873223334,0.5691964628332009,14.160334379902343,11.642648857381761,0.9699248120300752,0.7633136094674556,0.1131256597707501,0.12239429264449829,1
108.37096774193549,84.5,59.66390649105331,36,226,2.9584028550241013,71.73938879456708,5.2927704351704,87.89568564358268,1.1861691279015285,20.175328554360817,4.419753086419753,2.095640374923377,0.3677013893029635,0.9187514706277111,0.9998306601803426,0.9998316698231076,62.0,28.14213562373095,0.4746912713491836,9.496128773179468,8.358040258962353,0.9117647058823529,0.7654320987654321,0.1265289923146677,0.1084812973585243,1
13.733895808222847,14.0,3.7079728520960686,0,40,2.1779266662940775,7.427946199923038,0.6732269683820505,-6.666201711977767,13.122439891696164,166.48832641399937,6.45422477440525,2.7125019315760466,0.3367383335736566,0.9698399086244595,0.9720670016458519,0.9830172797623646,7467.0,355.9898987322333,0.6946888310984137,118.63808316501786,85.33760511036603,0.9483108966217932,0.6125512715340443,0.09350981158385764,0.11322411906915736,0
36.0,32.5,10.720979150217294,22,72,1.4173228346456694,10.600000000000001,1.758217534052736,15.524717901647193,3.5707304526748973,92.5462962962963,4.419753086419753,2.4788697022558646,0.04988611293303918,0.8876794704520381,0.9998211199565339,0.9998432019025044,66.0,28.48528137423857,0.42096342519984453,9.660074216638074,8.762437054579749,0.9428571428571428,0.8148148148148148,0.12337691857343473,0.11205317370033868,0
63.17777777777778,69.0,17.346946221449947,24,89,2.0981549815498157,33.06666666666666,3.085563240316005,42.70249567942497,2.034675811935749,65.36851851851853,4.944444444444445,2.4374901076089226,0.1751404209647606,0.936619347629757,0.9996422398875199,0.9996854964169969,135.0,42.62741699796952,0.6977127956377057,15.5378129918881,11.130941061320682,0.9507042253521126,0.75,0.10358513673046704,0.13056759634510207,1
95.88976377952756,102.0,29.07883077355069,26,162,2.964858440701421,63.54765851636966,5.132184225448718,77.20575721093176,1.413135853264299,39.61549937836719,4.575757575757576,2.2754327331408124,0.5578334598835739,0.9360220556037163,0.999514321216732,0.9995256901697657,127.0,40.62741699796952,0.6774841108219322,14.885624622598009,10.948933761652127,0.9694656488549618,0.7696969696969697,0.11047878482552091,0.1247886848797042,1
114.31060606060606,125.0,40.6431500389332,30,175,2.7335144927536232,72.49242424242425,6.118099222505099,95.62659949201027,1.1854128661171786,21.194657097288683,4.823863636363637,2.3997393001485983,0.9229890482737864,0.930524184825055,0.9994937995473516,0.9995163860503429,132.0,44.04163056034261,0.7556575342440989,16.11024435211051,10.551677426856534,0.9295774647887324,0.75,0.0953935673246316,0.13666691289348407,1
75.93203883495146,72.0,27.21195558777636,28,140,2.3654840758551856,43.832038834951454,4.064012638626372,57.248032266355665,1.784559788423879,59.57322432294329,4.7272727272727275,2.209900855864964,0.2889313003208219,0.9369512254443199,0.9996032482722393,0.9996233153368609,103.0,37.21320343559643,0.5371755778480471,12.501852207874693,10.544942896792628,0.9279279279279279,0.7202797202797203,0.11818833715275237,0.11751295559815812,1
29.098591549295776,28.0,6.977135554902017,17,47,1.3550814692074014,7.624907338769461,1.428198541863707,8.724259342427683,5.08368247821878,118.82940845070422,4.811111111111111,2.780465366502699,0.04197173951753973,0.8739200107231982,0.9997878894613881,0.9998173433083986,71.0,29.556349186104047,0.5362584905120508,10.378534065152778,8.76004120255861,0.9726027397260274,0.7888888888888889,0.11995174356696994,0.11571238908171189,0
143.90384615384616,146.0,47.14092060475178,42,232,2.808933933933934,92.67307692307693,7.054076384259903,123.50374863364554,1.2523794675338173,36.31837606837607,4.538461538461538,2.0611940010729635,1.2666980351681376,0.953315546013067,0.9993511280459482,0.9993716358672597,156.0,44.384776310850235,0.5738250733240986,15.610115776858672,12.784339690314658,0.9629629629629629,0.8,0.10525718720896363,0.1292234588210077,1
98.02877697841727,105.0,28.90518920976681,39,147,2.755246690221787,62.449829609996215,4.805309233514549,77.62867945821665,1.8384624166218178,82.19344524380496,4.841836734693878,2.292508806178433,0.5737475999301797,0.9479034686005938,0.9994194303416941,0.9994416384372864,139.0,43.21320343559643,0.7244078582195844,16.106202916434803,11.103159482618691,0.9391891891891891,0.7091836734693877,0.1053468613253911,0.1291503642063818,1
117.14851485148515,126.0,44.277117022834034,32,196,3.0144693262582694,78.28644588596791,6.26998895667213,98.46450828288935,1.1566963809117115,18.3567483064096,4.430769230769231,2.0678434010729507,0.7165137802951016,0.933857621652446,0.9996100888052944,0.9996190457915999,101.0,38.04163056034262,0.6462062496349416,13.053930091169889,9.962274041468135,0.9439252336448598,0.7769230769230769,0.1121917520050533,0.12325091704321073,1
97.24468085106383,97.5,37.422170630327926,24,161,2.9904400717297532,64.72616233254531,4.772901504878923,76.87034864419574,1.521193742478941,50.683319148936164,4.537190082644628,2.15912946305884,0.3277975049492506,0.9386583331734739,0.99972504183204,0.9997292164943851,94.0,34.970562748477136,0.3832842819942819,11.482534831440091,10.605618508976194,0.9494949494949495,0.7768595041322314,0.09749310493298863,0.1351771883811579,1
17.725554889022195,17.0,4.8789757056424605,0,57,2.064995914785529,9.141734087195971,0.8688955957916363,-2.6745426311784186,10.167367021826639,162.49666733320004,6.63968706587702,2.487526502620368,0.6400312673127565,0.9616793637980616,0.974495752362786,0.983230809340423,6668.0,382.78888860545663,0.9428250372256062,161.23560901738176,53.73790774480369,0.9569460390355913,0.48753381589529865,0.07291279076335283,0.1091404168589725,0
124.79569892473118,116.0,51.70648326475393,47,241,2.6845586396599153,78.3092124382447,6.679279332650667,106.11169235613539,1.085816773538188,10.709564233163562,4.7,2.1896610204813403,0.8653573847195715,0.9254349667316049,0.999637451019435,0.9996414515394267,93.0,35.798989873223334,0.6931733885475443,12.900679989192179,9.298434396398871,0.93,0.7153846153846154,0.11610338389427809,0.11957333322636451,1
100.04411764705883,96.0,47.19528697292503,26,190,3.0067904210864675,66.77139037433156,4.886092272941488,79.56883554870602,1.2848960970377994,28.50217864923748,4.411111111111111,2.1493898071801394,0.31466698467592874,0.9207094266576614,0.9998139647040453,0.9998176662504176,68.0,30.14213562373095,0.6671193266464462,10.815153418809427,8.056757987005616,0.9315068493150684,0.7555555555555555,0.11350492894839655,0.12204265186882278,1
111.10071942446044,122.0,39.12722192905224,23,178,3.3551784213654714,77.98751187729061,5.452974767291215,90.72638721759235,1.3314765265816226,36.82728057553956,4.859375,2.381791960417268,0.5857451109784328,0.9419883086988937,0.9995941093775146,0.9996079986379877,139.0,43.21320343559643,0.6514464253454753,15.417019813271844,11.69681027820383,0.952054794520548,0.7239583333333334,0.10136457889285785,0.132298903678298,1
78.6590909090909,69.0,37.57050534529481,23,178,1.6676839061998072,31.492424242424242,3.855819357294787,58.25899338889029,2.2911810973064948,101.56313131313132,4.160714285714286,2.1528783532939415,0.30647278908983283,0.8792018750350966,0.9998026822012981,0.9998051540390429,44.0,22.48528137423857,0.4219191425366195,7.893131514550503,7.15617716299873,0.9565217391304348,0.7857142857142857,0.12040980081633688,0.11523566131757314,1
111.07692307692308,109.5,59.11261942384155,31,218,2.887793729019356,72.61263736263737,5.4249276050686985,90.60164097857027,1.1572727505899252,17.469373219373225,4.9875,2.4571006796629233,0.48134994931727393,0.8774192697970177,0.9998521257927253,0.9998536503907458,52.0,26.14213562373095,0.703563354553062,9.747852633660004,6.927141271275695,0.896551724137931,0.65,0.11170038350115753,0.12369641101231493,1
101.27857142857142,109.0,37.8646212290091,26,166,3.4477811550151976,71.90357142857142,5.420602431108174,82.59456485997563,1.3379460358350563,34.22669172932332,4.516666666666667,2.1485783413431516,0.5769459664676067,0.948448207230905,0.999469857601204,0.9994943638511143,140.0,42.97056274847714,0.7211704864853942,16.22795121563276,11.242036971181447,0.9655172413793104,0.7777777777777778,0.10470868903138239,0.12966830071825983,1
97.515625,91.0,50.477715438194856,22,186,2.6652180466237945,60.927389705882355,4.762602269975314,77.0403429016472,1.3182122997857657,31.030671296296305,4.271604938271605,2.0548788416358694,0.2973800011925348,0.9192015389178696,0.9998187348458198,0.9998207898026514,64.0,31.213203435596427,0.41137106992279826,9.558640794586662,8.712394829211064,0.9142857142857143,0.7901234567901234,0.1251474197447316,0.11007225401495324,1
71.6,48.0,50.10313573546386,21,186,2.5534206695778745,43.55918367346938,3.51422560862456,51.225667793131905,2.0660335195530726,76.328,4.965277777777778,2.3699894351746607,0.323660036242131,0.9148049879413155,0.999709329990724,0.9997238411303356,95.0,39.17766952966369,0.8278129483177686,15.193328505513131,8.523521241419237,0.8796296296296297,0.6597222222222222,0.11329785928979026,0.12223490848344244,1
131.6796875,134.5,50.35528981549351,23,211,3.6936798737727914,96.0296875,6.454855785351415,111.27958997979938,1.3686410231055737,48.54253472222223,4.6726190476190474,2.2480071169221034,1.0311003513778108,0.9465718317061431,0.9994611706359459,0.9994805781833409,128.0,41.21320343559643,0.620393354317709,14.469858155651123,11.348576877425499,0.9624060150375939,0.7619047619047619,0.10663708683896433,0.12808711676404758,1
145.77083333333334,147.0,55.687461030039984,41,241,3.257448789571695,101.02083333333334,7.14559492615111,125.37073581313273,1.236339383545329,34.451388888888886,4.813725490196078,2.1635591236449057,0.8538480803236012,0.9678982392306655,0.9994042521065765,0.9994258396286188,144.0,44.87005768508881,0.754988394596217,16.773851246572367,10.999254218819036,0.9473684210526315,0.7058823529411765,0.10834817277392234,0.12664300701553824,1
142.31428571428572,136.5,79.60106655013088,28,255,3.6542897900957816,103.36984126984127,6.984979152657196,121.93995350741763,1.039445894398715,5.6137142857142805,4.488636363636363,1.9597907946201008,0.5029904995338801,0.9483938394250225,0.9997931268681437,0.999822041048899,70.0,30.14213562373095,0.7273969888403581,11.42869333388793,7.842562400547171,0.9459459459459459,0.7954545454545454,0.1064203648379574,0.1282672355604105,1
51.625,53.0,11.259024158425099,27,74,1.5301693719124911,17.88690476190476,2.7630583306886467,32.94099343140421,2.624799286351472,83.88026315789475,4.905882352941177,2.4064791435855226,0.21810420899259175,0.9107427428296863,0.9995040604946939,0.9995466680289681,128.0,43.21320343559643,0.796204871004186,16.472073252862355,9.966050869819833,0.9481481481481482,0.7529411764705882,0.11213379486071576,0.12330364885242724,1
128.5462962962963,115.5,57.21942564783191,38,249,3.093950971028335,86.99867724867725,6.278120891269068,108.0710141979435,1.0,0.0,4.753333333333333,2.214909077642291,0.7791449525967443,0.923593401592367,0.9997066366478319,0.9997088581169842,108.0,39.55634918610404,0.7702653468151681,14.856271115983118,9.47419359792035,0.9310344827586207,0.72,0.11878717830208793,0.11690758761360931,1
112.92,112.0,38.1193074438663,40,177,3.015359116022099,75.47172413793103,6.043671606806043,94.23599343140421,1.2000111863079592,22.585263157894744,4.318181818181818,1.9794546850228807,0.738068364492055,0.9392073414152976,0.9995177414525355,0.9995416515986847,125.0,41.21320343559643,0.5569680084453663,13.953527047939355,11.58887789746811,0.9615384615384616,0.8116883116883117,0.11131606861688834,0.12404237436647528,1
30.486842105263158,30.0,5.86580954401421,20,45,1.2528839221341024,6.153508771929825,1.4889583429825253,10.01156000691035,4.216451669623876,98.05945419103315,4.84,2.6971095639591653,0.03720708365631149,0.8935011039109828,0.999794884219448,0.999834065147934,76.0,30.97056274847714,0.5715606211685939,10.871005260712499,8.920310372533951,0.9382716049382716,0.76,0.12249840800819552,0.11301290991483275,0
83.48101265822785,88.0,37.746275114909984,25,152,3.207070334949382,57.45070962792482,4.092186940555709,63.08091513802724,2.15884087271502,96.74120956399437,4.705357142857143,2.278150851243264,0.4634013068522467,0.9078950089527312,0.999647104765361,0.9996487549936341,79.0,33.72792206135786,0.7945434949423938,12.981579160078052,7.882508877606665,0.9186046511627907,0.7053571428571429,0.10318731853960893,0.1308822182815834,1
86.48958333333333,86.0,36.45230753774566,26,175,2.7312499999999997,54.82291666666666,4.8410139750086,68.62357762051576,1.7149498874699087,61.835717871485954,4.712121212121212,2.140979325018368,0.33735021735021736,0.947218225997817,0.9995955400279395,0.999609136602532,96.0,34.97056274847714,0.5863716088363411,12.337886305880692,9.994208342437663,0.9320388349514563,0.7272727272727273,0.11079833967560876,0.12450504284965158,1
39.6,39.5,8.978121555574232,22,62,1.32,9.600000000000001,1.9411671910287307,19.199902479799388,4.551066217732885,140.62222222222223,4.263888888888889,2.544018341322966,0.08547663679069874,0.8861225617010781,0.9997381745038856,0.9997581327537216,60.0,26.485281374238568,0.5626595056840533,9.604498382641616,7.939930711707973,0.9375,0.8333333333333334,0.12473671579056611,0.1105374574808212,0
147.928,153.0,53.557920198603675,36,233,3.335467869222097,103.578,7.260507902690138,127.55366779313191,1.0,0.0,4.709090909090909,2.1574906350249554,0.9242581361489071,0.942943377063973,0.9996333891042656,0.9996415750417589,125.0,40.384776310850235,0.6745332707692067,14.757031568333467,10.894296640499995,0.946969696969697,0.7575757575757576,0.10600074864689031,0.12861422571093611,1
110.08955223880596,114.5,33.930451846182024,36,167,3.0405685856432125,73.88265568708184,5.892181199713623,91.40554567021017,1.2308639684895537,25.41571091908878,5.114583333333333,2.3973500633801668,0.7195646671728677,0.9408230687780517,0.9994869589908917,0.999514416591708,134.0,43.21320343559643,0.7370820141555237,16.03456211873294,10.836210042742547,0.9436619718309859,0.6979166666666666,0.1027628573343848,0.1312157495158731,1
130.12844036697248,129.0,48.474735861411354,31,212,3.605841053363541,94.04020507285483,7.283577675877196,112.26243465415492,1.1398376925638256,18.1968608378468,4.608391608391608,2.15171086599447,0.8721451521451523,0.9450942470714339,0.9995388399927067,0.9995527181338387,109.0,36.970562748477136,0.5128216096088946,12.770055042369657,10.963030870555388,0.9646017699115044,0.7622377622377622,0.11021321381854549,0.12502329890884378,1
100.64583333333333,85.5,55.44535206825025,26,201,2.7860438292964242,64.52083333333333,4.9154796915559995,80.17055123498052,1.277214287357115,27.900462962962976,4.328125,2.222433122587719,0.29639258243396344,0.9019527917237224,0.999864051127249,0.9998681002242117,48.0,26.14213562373095,0.3828374783222214,8.228280642262328,7.601414919821318,0.8888888888888888,0.75,0.1225994967203395,0.11290323811550698,1
72.875,72.0,18.349945125561305,37,121,2.234939759036145,40.267857142857146,3.5722868446014835,52.47490247979938,2.4730322088812655,107.34722222222223,4.71,2.4425191913268565,0.28255177700031114,0.9084140981008345,0.9996888450704342,0.9997101909558465,72.0,30.14213562373095,0.7166636054105209,11.474018151439578,8.002198389528552,0.935064935064935,0.72,0.11023442459129058,0.12500459753875473,1
83.5909090909091,73.0,46.679428105584826,26,227,2.166503043392892,45.00757575757576,4.473928479098764,64.9069025223133,1.6210526315789475,51.91435406698565,4.214285714285714,2.1273246588336328,0.30683302892870085,0.888773371448286,0.9998255660427456,0.9998314965128781,44.0,23.485281374238568,0.3582383585792925,7.803529961827871,7.2856109384474355,0.8979591836734694,0.7857142857142857,0.11788718745305404,0.11781506188304872,1
92.63207547169812,99.0,33.152399802631926,22,146,2.962403397618882,61.36284470246734,4.54650854473023,72.25774326483003,1.5969414400651796,55.29592452830188,4.507575757575758,2.2746835015314937,0.31892027778650656,0.9406378132469692,0.9996909993834342,0.9997077550370776,106.0,37.798989873223334,0.5406619542020142,12.686419524046686,10.6723229095179,0.9380530973451328,0.803030303030303,0.11614002245213251,0.11953774698741083,1
118.69827586206897,118.5,47.03561010252768,37,202,2.7204671186722686,75.06669691470054,5.818515119573884,98.29817834186835,1.5183221568579983,61.52394636015326,4.584415584415584,2.134142057313919,0.8061274826018653,0.9438064285713175,0.9995067055213963,0.9995238585493543,116.0,40.04163056034261,0.6380666186513285,13.892775278395142,10.697175255222525,0.943089430894309,0.7532467532467533,0.11295241310538426,0.12255419268360253,1
68.62121212121212,71.0,24.902698619442074,21,111,2.8339143648878165,44.40692640692641,3.3637688277353543,48.22111460101151,2.6263339957312137,111.6010101010101,4.2,2.0334699407662753,0.24413548156974055,0.9085164962976087,0.9997116124807606,0.9997263422910216,66.0,27.899494936611664,0.5220237715531919,9.961125792515947,8.496152347853805,0.9565217391304348,0.825,0.12997336709211316,0.1043297734050175,1
58.60493827160494,54.0,24.443777269857698,0,106,3.9957912457912457,43.93827160493827,2.876410263490721,38.23060606473685,2.5241558879292185,89.32306172839506,4.574074074074074,2.2738599247702123,0.18131540081073436,0.8939779965359556,0.9997590842995085,0.9997703858494633,81.0,32.72792206135786,0.6962799049524973,12.051345570957881,8.650098684753884,0.9418604651162791,0.75,0.11870164981290096,0.11699442766087721,1
77.54098360655738,74.0,31.289014345368077,30,131,2.7486542696354292,49.3304572907679,3.787053249576248,57.06570150820457,1.6577852165061469,51.00531268973893,4.4625,2.207621740697441,0.18708484884622265,0.9080281093377578,0.9998306601831873,0.9998315135856198,61.0,27.899494936611667,0.6205646636831122,9.993007227722323,7.836069349066781,0.9104477611940298,0.7625,0.11079940521859574,0.12450409460963692,1
134.9090909090909,130.0,55.81641564107919,44,248,3.5347360063517272,96.74242424242425,6.621522096494219,114.53475870222282,1.096501347708895,13.01890909090909,4.668269230769231,2.0686656988669383,0.7738480553897077,0.9549730508081291,0.9995548296284701,0.999558387889313,154.0,46.04163056034261,0.711358709213044,16.776972324052263,11.791344872695074,0.9506172839506173,0.7403846153846154,0.1035275181291514,0.13061328707245332,1
140.9191176470588,147.0,58.98679502614757,19,254,4.047285363231454,106.100935828877,7.887555837170674,123.05311193424124,1.0525562725726807,7.406183557760471,4.6722222222222225,2.032597013006747,0.9253827253827251,0.9614172360016457,0.9994367800443795,0.9994703836978075,136.0,42.62741699796952,0.6731000904783724,15.313637906500704,11.325222300623958,0.9444444444444444,0.7555555555555555,0.11058010294527831,0.12469891178934941,1
129.5958904109589,136.0,50.61154489108155,24,209,3.9568493150684927,96.84359683297725,6.9361937941503715,110.91188384236311,1.0455984578538466,5.909372746935844,5.466666666666667,2.384152471327274,1.1197165274614025,0.9420541150632045,0.9994424953899935,0.9994551681569792,146.0,51.04163056034261,0.876491316970922,19.781294350064435,9.523064600385524,0.8902439024390244,0.5725490196078431,0.09123458394107306,0.13947769879331007,1
129.19161676646706,140.0,50.8144368815562,21,217,4.117905957827447,97.81848243810886,7.23114157932802,111.3256110536495,1.1481031425819153,19.13368443835222,4.867521367521367,2.1964356930757005,1.1012511812511816,0.9547159461965854,0.999300700079964,0.999324807396431,167.0,48.04163056034261,0.7279129181589068,17.68990470688682,12.129429667864338,0.9488636363636364,0.7136752136752137,0.10416462676228433,0.13010575813219857,1
90.56756756756756,99.0,33.13244555020541,19,134,2.4250841985136526,53.22141372141372,4.439565422561613,70.16747004736695,1.989920090188667,89.65465465465466,4.57,2.320581823595109,0.41196961302905893,0.9211042910744878,0.999677461336465,0.9996871630300076,74.0,32.970562748477136,0.39867748342682346,10.230003882926463,9.38184650961822,0.9024390243902439,0.74,0.11842255926732172,0.11727691685684648,1
58.43636363636364,61.0,20.762521861507736,21,90,2.283719958202717,32.848128342245985,2.853995532548229,37.96108153801083,2.1997654935582753,70.10993265993267,4.347222222222222,2.4161477731563514,0.08494186393178701,0.9158058928827114,0.9998473556566402,0.9998505952597285,55.0,27.727922061357855,0.2775440826772936,8.630490094534471,8.291423193842057,0.8870967741935484,0.7638888888888888,0.1227869750254656,0.11269931915048799,1
60.46610169491525,60.5,17.81385967912693,26,96,1.934296279427871,29.20610169491525,2.967758701535867,40.09176948804716,2.446461667834618,87.46189830508474,4.880952380952381,2.326886136657856,0.15962773256240242,0.9349764256057225,0.9996543383677815,0.9996834046490122,118.0,41.21320343559643,0.7105375703253202,14.658904177493085,10.31487373857202,0.921875,0.7023809523809523,0.10766274512663991,0.1272262201037111,1
104.73770491803279,105.0,52.37440923078353,21,189,3.6879473562687606,76.33770491803278,5.140669340942924,84.3633727111647,1.4123662544999216,43.19029508196721,4.518518518518518,2.2613833366627776,0.36988970241649116,0.9155585422553026,0.9998166945478225,0.9998222626576295,61.0,28.14213562373095,0.430317435532206,9.347769781999567,8.43802267764711,0.9104477611940298,0.7530864197530864,0.12708475769721794,0.10782969040863655,1
128.45794392523365,121.0,59.5040688742794,29,244,3.6877878638823054,93.6246105919003,6.273805816603026,107.98266182688084,1.0006877921937944,0.08835237106265481,4.573426573426573,2.140157207772169,0.6046103392761315,0.940883716836268,0.9997137918619162,0.9997195779044471,107.0,37.21320343559643,0.5702593091753425,12.893068358224658,10.5912010563877,0.9385964912280702,0.7482517482517482,0.10964315114944694,0.12552353235903496,1
121.95604395604396,122.0,55.984674529302346,27,215,3.52566749938629,87.36513486513486,5.9562570796450744,101.48076185769115,1.054037931425749,6.5902523402523485,4.992592592592593,2.371110995406525,0.7323832806630493,0.9062893434846145,0.9997471828002819,0.9997511404873004,91.0,38.384776310850235,0.8673892179069662,15.397122342400765,7.662075061823187,0.900990099009901,0.674074074074074,0.09765462265088062,0.1350605510312261,1
111.68141592920354,113.0,47.30643195369775,29,191,3.248594645739411,77.30303755082517,6.251056768054216,93.81541021638597,1.3281108586485404,36.643885275615744,4.633333333333334,2.09576292128242,0.7636439236439239,0.9392122517796095,0.9995161600522352,0.9995311516070767,113.0,39.21320343559643,0.7518171836026996,14.798970968409876,9.758021340331767,0.9416666666666667,0.7533333333333333,0.10494149638136438,0.12947996025227318,1
124.03896103896103,114.0,68.0170798944068,29,254,3.9207717569786533,92.4025974025974,6.638777426221129,105.35495447036524,1.0924411331963035,11.466302118933712,4.4646464646464645,2.1476467333279863,0.9594491986291533,0.9089588479607797,0.9996990159222641,0.9997049966676669,77.0,32.97056274847714,0.7057804110980178,11.849660058497491,8.394662590374276,0.9506172839506173,0.7777777777777778,0.1065240599286727,0.1281811313124978,1
131.83870967741936,135.0,49.74314462360361,21,221,3.0302977980011376,88.33186036235087,7.056233318768726,113.15470310882357,1.0278109023476234,3.666553480475386,4.9868421052631575,2.2874184160657998,1.426221209820299,0.9322237422981939,0.9994048723894506,0.9994329249157015,155.0,48.834523779156065,0.7708684362620136,17.923803566759233,11.417362334731228,0.9171597633136095,0.6798245614035088,0.10502256566743376,0.1294142127828254,1
130.31958762886597,129.0,47.520705501668864,36,214,2.6877934985328866,81.83387334315168,6.38818454175627,109.91949010866536,1.382925049881778,49.902634593356254,4.613636363636363,2.173001440797495,0.7662009456085361,0.9458894715744278,0.999582596999556,0.9995962472797103,97.0,36.62741699796952,0.47164052166646725,11.875662758385724,10.471851533622656,0.9326923076923077,0.7348484848484849,0.10720612054602735,0.12761122790559315,1
127.28915662650603,119.0,55.17017050677433,31,229,2.9270968273341973,83.80267014001954,6.216722974319664,106.81387452815322,1.0098762510736008,1.257139669790277,4.791666666666667,2.2579335439487336,0.5598616659710213,0.9265152433905864,0.9997734185473245,0.9997798912599882,83.0,33.798989873223334,0.6973083750616818,12.183057113032023,8.732465120281176,0.9120879120879121,0.6916666666666667,0.10859211511182526,0.12643389698420726,1
63.083333333333336,36.5,59.89951075667387,0,211,2.8593012275731824,41.020833333333336,3.0923054789746405,42.683235813132725,2.8568912373403785,117.13888888888889,4.921875,2.4258032658018664,0.3287621331592888,0.8807279258424194,0.9998140659316685,0.9998222664153845,48.0,23.899494936611664,0.4867160150564227,8.404851517611089,7.34214424252355,0.9230769230769231,0.75,0.11295894086059333,0.12254817604294986,1
94.7872340425532,94.0,30.427406578163765,31,154,2.3572741450373176,54.57670772676372,4.652286665405448,74.4129018356851,1.560632098765432,53.1407659574468,4.78030303030303,2.313708796072038,0.3188731420670584,0.93462884642284,0.9997224231895341,0.9997476272031746,94.0,35.21320343559643,0.4367166297946755,11.555400484321533,10.395228161894408,0.9306930693069307,0.7121212121212122,0.12440971021529694,0.11090537307445732,1
78.53271028037383,84.0,32.053785918668034,17,131,3.980920797622637,58.80543755310111,4.3956501269913,60.666704567556266,1.888707274653774,69.79259092444545,4.607142857142857,2.206148643390715,0.4019882819882819,0.9309064767579047,0.9995426200357957,0.9995653585555837,107.0,38.04163056034262,0.6894054951036597,13.755553846952784,9.96418807867141,0.963963963963964,0.7642857142857142,0.10939814826437694,0.1257371183306904,1
127.009009009009,126.0,53.52973333830638,36,213,3.309309309309309,88.62969866418142,6.233775307059873,106.63467680214092,1.1647047808199744,20.91899099099099,4.4071428571428575,2.02448028100134,0.6998554504603588,0.9366121078914537,0.9996726688481687,0.9996796877287167,111.0,38.384776310850235,0.745058689163245,14.570012848452615,9.718182729683518,0.9568965517241379,0.7928571428571428,0.10779957469995097,0.12711030431505088,1
56.89473684210526,53.0,16.660368154275915,30,106,1.721814404432133,23.851258581235697,2.788944356063341,36.49463932190464,3.167643128790215,123.32748538011697,4.555555555555555,2.216659704806667,0.18810476067604182,0.9071814202116724,0.9996698723125184,0.9996965879871954,76.0,30.14213562373095,0.6369514739633371,11.201186636497917,8.635038439316173,0.95,0.7676767676767676,0.12042405873979065,0.11522076136365127,0
144.04,142.0,58.57984636374526,32,239,3.886670264436049,106.97999999999999,8.0622385504255,126.17399428718242,1.0297507720412336,4.285301204819291,4.973333333333334,2.2889492980162074,1.3248686448686446,0.9274978327004774,0.9995653000441701,0.9995738490927373,100.0,39.45584412271571,0.780704696751315,14.39533174338203,8.99564472386375,0.9009009009009009,0.6666666666666666,0.1069283759317982,0.12784404636107463,1
180.22222222222223,192.0,67.68791857479188,35,255,3.2472472472472473,124.72222222222223,8.834380426062292,159.82212470202163,1.0,0.0,4.916666666666667,2.168268638542948,1.5925079875841448,0.9475560797627748,0.9995370632989506,0.9995985966067208,108.0,38.04163056034262,0.46037152904422063,12.491927151482379,11.089412773360433,0.9557522123893806,0.75,0.09995371960452097,0.1333680310515696,1
120.78787878787878,121.5,44.22429578777599,26,201,3.410863452997025,85.37518037518038,6.760765709440147,102.92187307506121,1.2279816707875155,27.5374224169405,4.912820512820513,2.288788671583501,0.7126667926667927,0.9568181157490376,0.9994519000380463,0.9994704810563316,132.0,42.62741699796952,0.7897929771319055,16.62398170797488,10.19670988170536,0.9428571428571428,0.676923076923077,0.1053070710660909,0.12918281058304393,1
23.62295081967213,23.0,5.335203022628404,16,38,1.406128024980484,6.82295081967213,1.1537301760336942,3.1476687213193237,5.44158506181407,104.92334547662418,4.666666666666667,2.4845199749997664,0.018803887663228193,0.8898022260071287,0.9998330453095473,0.9998684557609465,61.0,27.31370849898476,0.3020405622601093,9.051838081299923,8.629072656572761,0.9242424242424242,0.7530864197530864,0.1224311946390421,0.1130857212570366,0
111.51515151515152,108.0,42.37003029738456,31,230,2.811306340718106,71.84848484848484,5.466402864237625,91.1150539949509,1.6161231884057972,68.70707070707071,4.875,2.299984903332097,0.6330796026319184,0.9407700207265974,0.9995788024371718,0.9995906486831424,99.0,35.798989873223334,0.5689660493355079,12.480219423399124,10.263245879909526,0.9339622641509434,0.6875,0.11492367668935606,0.12070760666664111,1
77.64516129032258,73.5,31.496593146127648,29,141,2.2661414201476635,43.382003395585734,3.792141222638831,57.16987919196977,1.6555609410823373,50.90113500597373,4.395061728395062,2.2425680404265758,0.16851469799057897,0.9188323040184985,0.9998306601760754,0.9998337820078229,62.0,28.14213562373095,0.47724838261749974,9.507713486617945,8.355078603504776,0.9253731343283582,0.7654320987654321,0.1155015607084361,0.12015476372422286,1
120.20967741935483,111.0,67.63186333826401,33,247,3.591169608439846,86.73599320882852,5.900054843458021,99.83534521248674,1.2305831208909164,27.718322580645165,4.419753086419753,2.0838248162836552,0.47963736919837857,0.9223474943200394,0.9998114572559504,0.9998122614825495,62.0,28.142135623730947,0.3263040870993113,9.173393342649907,8.671286311614207,0.9117647058823529,0.7654320987654321,0.12448435911747358,0.1108215778091922,1
113.05376344086021,119.0,43.05894074764997,27,183,3.3747392071898568,79.55376344086021,5.541824656912152,92.65366592065959,1.5941284636357873,67.16845878136202,4.986013986013986,2.417841648571434,0.8001168729651582,0.9225160813514309,0.9995977752815045,0.9996111234563707,93.0,35.79898987322333,0.7437769220140146,13.393560816425797,8.952630058468351,0.9207920792079208,0.6503496503496503,0.09993627622244593,0.13338110235040931,1
148.32530120481928,146.0,69.80145827070166,29,255,3.2265260658757873,102.35471296952517,8.302096371681253,130.45929549200173,1.0,0.0,4.769230769230769,2.216429003587109,1.3175203175203172,0.921844732488486,0.9996371200159002,0.9996426803997698,83.0,33.55634918610404,0.7453476034475283,12.66634600228319,8.444349467456071,0.9120879120879121,0.7094017094017094,0.11131368486660824,0.12404451351265314,1
94.65625,92.5,43.63206201794158,26,173,2.6247833622183707,58.59375,4.62295217937998,74.1809679016472,1.358032843011384,33.890046296296305,4.2125,2.0291238872971755,0.20629896845745635,0.9377888161427701,0.9998258900399906,0.9998336989942355,64.0,29.31370849898476,0.614772116407544,10.209532921153704,8.052307512873483,0.9142857142857143,0.8,0.12190311089074932,0.11365478136778182,1
102.06060606060606,97.5,51.66350296898798,24,192,3.322903453136011,71.34632034632034,4.984576308661292,81.58532396225326,1.2595094352071787,26.485690235690242,4.175,1.9220757009025426,0.33222586607834953,0.9193465252129835,0.9998187348458197,0.9998205644593275,66.0,27.899494936611667,0.5534715592743131,10.04790668946026,8.36858071863927,0.9565217391304348,0.825,0.1111610048036466,0.12418135440313265,1
99.87719298245614,87.0,50.416187241602294,22,193,2.9948183802835424,66.52719298245614,5.3455982589050475,81.19318641386035,1.3567187774459863,35.62807017543861,4.51948051948052,2.3109585890426207,0.4445470527475084,0.9055431615131314,0.9998016241229191,0.9998041005105869,57.0,29.106601717798213,0.7423023785713369,10.71603459712085,7.180440318380025,0.9047619047619048,0.7402597402597403,0.11051416426249586,0.1247573535644049,1
48.872549019607845,48.0,11.304754828734374,28,71,1.441891974180977,14.977812177502585,2.615742444757709,30.188542451012054,2.772625244153513,86.6327141382869,4.43801652892562,2.1927474821301134,0.13265201420098918,0.9244212347203717,0.9996135091347247,0.9996657777935585,102.0,35.31370849898476,0.2176922750952672,11.583463160373558,11.305662239209768,0.9622641509433962,0.8429752066115702,0.1253866172027382,0.10979969944370116,1
108.22297297297297,112.5,36.52504156646097,31,173,2.788640202702702,69.4144623346751,5.305022334614247,87.82287545277235,1.6652861889797648,71.99924924924926,4.753846153846154,2.3492329521592463,0.7884295764493385,0.946168086439617,0.9993814846638562,0.999427988628024,148.0,43.21320343559643,0.6167450804845869,15.49880008976956,12.200081159221979,0.961038961038961,0.7589743589743589,0.11984854119056691,0.1158192770862942,1
12.785629453681711,13.0,3.504206179126853,0,28,4.974782797473144,10.215541477142121,0.6843087646507193,-5.89837711491408,10.598247325154183,122.71963370421304,6.35117287601025,2.807437305199742,0.2570645816659485,0.9675615243532523,0.9773245792020944,0.9863301116675748,6736.0,339.32085117392114,0.7100815802265441,113.09862710568373,79.63493906203861,0.9748191027496382,0.6639069584072541,0.09889622039056362,0.11184966210797755,0
121.76190476190476,122.0,43.96070188995618,40,202,2.509193265158558,73.23558897243107,6.815284105419791,103.89589904908719,1.21815851595667,26.563396442914524,4.678321678321678,2.1075999627103728,0.7896276696276697,0.9406216557509228,0.9995539600328357,0.9995644923898866,105.0,38.62741699796952,0.6730877062691911,13.482028420482532,9.970804906607478,0.9210526315789473,0.7342657342657343,0.11643159759080028,0.11925376661880269,1
114.08843537414965,121.0,39.00181840694796,24,177,2.7773318396571036,73.01000400160063,5.592543626871236,93.68833785394904,1.5796712579253873,66.13378684807257,4.8686868686868685,2.4043162561369793,1.0376801475331456,0.9359844252544097,0.9993738955066778,0.999408998817898,147.0,45.21320343559643,0.8006877021064319,17.806035803989563,10.667274961519517,0.9607843137254902,0.7424242424242424,0.11193653815342326,0.12348274857611762,1
135.50526315789475,138.0,54.62559139686328,28,222,3.656961879534723,98.45120910384068,7.2524735345390505,116.82125658929895,1.0,0.0,4.734848484848484,2.282541939223875,0.9704009248428382,0.9300240593852939,0.9996340307426672,0.9996450742944825,95.0,35.55634918610404,0.6901652135653552,12.958924260952793,9.377749318247814,0.9313725490196079,0.7196969696969697,0.10104362234010661,0.13254419698632156,1
136.88888888888889,139.0,47.43838480317058,30,218,2.5919076275747344,84.0749354005168,6.710207573926477,116.48879136868827,1.3165584415584417,43.33333333333334,4.733727810650888,2.2228210545848843,0.9487125000948645,0.9527104626545543,0.9994725543699139,0.9994894630862408,126.0,40.04163056034261,0.5691904883020956,13.989505957612383,11.502251325118078,0.9692307692307692,0.7455621301775148,0.10332962559854689,0.13076989806916572,1
124.51428571428572,134.5,45.39878628243675,26,200,4.47490694390964,96.68928571428572,6.664217616127914,105.83027914568993,1.0882708147146205,10.990977443609026,4.638888888888889,2.1207018987141675,0.8091417157476383,0.9518779320051405,0.9994698576187606,0.999500658639911,140.0,42.384776310850235,0.6478974573352917,15.317145318810008,11.667491821505838,0.9459459459459459,0.7777777777777778,0.11219407325389434,0.12324880403877417,1
111.37037037037037,97.5,59.95377734873212,38,231,2.723731884057971,70.48148148148148,5.43925938775368,90.89508827201756,1.15422347855005,17.175925925925938,4.486111111111111,2.1343295561653517,0.38373382624768954,0.9068703437448715,0.9998497407232605,0.9998525567511269,54.0,25.899494936611664,0.508548056813801,8.963221683984646,7.717635104852307,0.9152542372881356,0.75,0.12531737468856763,0.10987872120902678,1
136.80180180180182,138.0,56.335356830199835,29,239,3.4200450450450455,96.80180180180182,7.65710052939569,118.93579608898425,1.0842349972825116,11.523499403017468,4.4071428571428575,1.9489793247141607,1.0844528444528445,0.9409381334110516,0.9995275000385524,0.9995361707128718,111.0,37.55634918610404,0.6908873899766922,13.990716039260091,10.114761476688333,0.9487179487179487,0.7928571428571428,0.1151051971064977,0.12053452356511407,1
84.34146341463415,79.5,37.92168422477809,31,186,2.5043064428523394,50.66289198606272,4.1343656975716625,63.94136589443353,2.1368163999742946,95.88075880758808,4.5181818181818185,2.173107612203058,0.3599687326872434,0.9323409570914675,0.9996395157306153,0.9996596513641612,82.0,34.04163056034261,0.5004407693269287,11.044390260869932,9.561910325451011,0.9318181818181818,0.7454545454545455,0.12082795459722316,0.11479713915563546,1
78.08108108108108,79.5,21.421608663921173,34,120,1.9963912776412776,38.969969969969966,3.8274856776426445,57.68098356088046,2.308141994538672,102.14114114114115,4.954545454545454,2.549104525965446,0.3722100374145272,0.8988728100880032,0.9996774613580701,0.9996938654188338,74.0,32.55634918610404,0.777294818550805,12.29780502787703,7.73699830047685,0.9135802469135802,0.6727272727272727,0.11038484288251582,0.12487179118310804,1
112.38709677419355,98.0,60.3747316400126,26,241,3.0592476199279046,75.65025466893039,5.488915670824133,91.91181467584074,1.1437816260577456,16.159199522102753,4.308641975308642,2.1752932273384986,0.3072780394728996,0.9361572146310935,0.9998282751251015,0.9998343564849155,62.0,28.142135623730947,0.25168580497750054,9.069133847982917,8.777189337285774,0.9253731343283582,0.7654320987654321,0.12149783117819843,0.11408792570709483,1
110.0,112.0,36.23545225328366,34,166,3.183041722745626,75.44186046511628,5.398949957384101,89.62566779313191,1.3448,37.928,4.791666666666667,2.176317790899143,0.37009395720076665,0.9578404052306205,0.9996412450935188,0.9996758261501646,125.0,41.970562748477136,0.6232162917253483,14.362991679023523,11.232570766672296,0.9328358208955224,0.7440476190476191,0.11402634732299943,0.12155562465600349,1
117.88888888888889,118.0,42.72368874812794,29,192,3.1671641791044776,80.66666666666666,5.778839477220772,97.48879136868827,1.5287464655984921,62.33333333333334,4.677777777777778,2.149045151160951,0.8539619176273269,0.9469641166253118,0.9994308140936705,0.9994448301371539,135.0,42.62741699796952,0.7136702714955029,15.708193395979395,11.003303488923295,0.9507042253521126,0.75,0.10687363191349102,0.12788981417999587,1
75.0,71.0,26.439828216708072,33,123,2.0955882352941178,39.21052631578947,3.6629531959432,54.52471790164719,1.7139506172839507,53.546296296296305,4.395061728395062,2.307684491484698,0.15299743605032495,0.9181870091937404,0.9998306601760754,0.9998358490266029,62.0,28.970562748477143,0.37440849962323003,9.273903831596684,8.59935591090042,0.9117647058823529,0.7654320987654321,0.12926815284881307,0.1052022929056327,1
14.256506180871828,14.0,3.991053954898593,0,31,1.9556513334021286,6.966604378145754,0.6962788650427792,-6.218775917480979,9.0166759418776,114.28979011542448,6.81173386785907,2.524328530775281,0.23360801383340296,0.9631553148913499,0.9854883792566792,0.9908470596065639,6148.0,385.3919189857867,0.3608012367054288,104.59356956498127,97.54843258307352,0.8086281730895699,0.4739804178552155,0.07441557881720792,0.11047622194783635,0
73.80246913580247,70.0,24.36118130134899,35,131,1.8863250897329704,34.67746913580247,3.6177508005891483,53.40237161560185,2.441953830712613,106.41975308641976,5.107438016528926,2.488989482270318,0.30360408903594976,0.9182113245262039,0.9996471047941685,0.999669198460729,81.0,34.76345596729059,0.6458982076717485,11.786401369061949,8.998016287138174,0.9,0.6694214876033058,0.13057708764182474,0.10357317198800459,1
93.10924369747899,94.0,33.18823065560825,27,181,2.546934468854807,56.55186664829866,4.547397356980465,72.63396159912618,1.3805965035432546,35.43705259881732,5.055555555555555,2.3207331749117137,0.39776757498062126,0.9282650014396302,0.9996804009207078,0.9996980071417768,119.0,41.79898987322333,0.7294384747651952,14.985570976515115,10.250826252816388,0.9015151515151515,0.6611111111111111,0.11528956643648473,0.12035818892601997,1
106.0,111.0,37.49873382875334,26,165,3.309914129586261,73.975,5.933055306478082,88.13399428718243,1.3992952943850876,42.32530120481928,4.597633136094674,2.1298651973545177,0.5553279153279154,0.9549385969453025,0.9994632400172134,0.9994848958372757,129.0,40.384776310850235,0.4575402782203087,13.657430442108817,12.14403550497466,0.9485294117647058,0.7633136094674556,0.10232831151194031,0.1315549103275044,1
64.75280898876404,64.0,18.589160124439566,31,104,1.7963130630964925,28.705189941144994,3.17414212969543,44.35271146856343,2.7832340409123337,115.46941323345818,4.2272727272727275,2.01205047338232,0.22147426897478129,0.9277288901455166,0.9996205427458412,0.9996435368808624,89.0,33.55634918610404,0.573596042208321,11.784553919611009,9.653179649814064,0.9468085106382979,0.8090909090909091,0.11308538531245402,0.12243150493003781,1
85.59433962264151,85.0,34.020187764139365,27,150,2.4171159029649596,50.18257491675916,4.790905197194343,67.72833390982395,1.732886799042306,62.73096158217777,4.521428571428571,2.0889773887268968,0.45992817992817986,0.9323257209077874,0.9995464000181317,0.9995565215620638,106.0,38.62741699796952,0.7308422310554413,14.111177532004021,9.631533890983263,0.9464285714285714,0.7571428571428571,0.1093021780574054,0.12582055333562295,1
125.79230769230769,132.5,47.59067396581719,35,212,3.424145911395195,89.05546558704452,6.166260115558048,105.39221017210707,1.432696684943979,54.42991452991454,4.5773809523809526,2.0916415967275555,0.9063118990339007,0.9491929431191378,0.9994535814967751,0.9994631978502165,130.0,40.38477631085023,0.40612109376302286,13.464948303587445,12.304529221838061,0.948905109489051,0.7738095238095238,0.1107923910951252,0.12451033630092975,1
119.61290322580645,128.0,46.05216356470817,31,187,3.419682747878838,84.63512544802867,5.863349579940154,99.21280570560583,1.506712213831955,60.60931899641578,4.846153846153846,2.3709284626803755,0.7495351643431208,0.9514969537199564,0.9994801435018821,0.9995000302593092,124.0,40.384776310850235,0.22411229718655903,12.86360727972747,12.536399907201249,0.9393939393939394,0.7337278106508875,0.10084347060462598,0.1326965417991041,1
131.1888111888112,145.0,49.42861647425261,22,200,3.545643545643546,94.1888111888112,6.438925696155482,110.81447898194311,1.1275961620469082,16.739188811188797,4.846153846153846,2.335220425970496,0.7840869811142884,0.9467132960581736,0.9995862534174152,0.9996002484982086,143.0,43.21320343559643,0.6063903243279488,15.250615687682913,12.12678840232268,0.959731543624161,0.7333333333333333,0.1050526968391417,0.12938975483421902,1
112.39090909090909,122.5,39.26578326656926,25,170,2.675974025974026,70.39090909090909,5.516299034970218,92.016576884041,1.3161918628164684,35.53709090909091,4.805194805194805,2.299288207413815,0.5810682001487395,0.9288195658245207,0.9996726688618881,0.9996893126310952,110.0,39.45584412271571,0.631979720753389,13.521877286707776,10.479251042503535,0.9401709401709402,0.7142857142857143,0.10234659104560005,0.13154068978510178,1
133.26041666666666,138.5,51.97760831832354,24,210,2.9652186954624784,88.31924019607843,7.132325509382538,114.57641009807087,1.0168455611004374,2.2448464912280883,4.7846153846153845,2.218747447702507,1.0209457749321078,0.9239922050515578,0.9996271901745041,0.9996340994475231,96.0,37.79898987322333,0.7148382562779573,13.271661546574729,9.280737956401525,0.897196261682243,0.7384615384615385,0.10562309656078006,0.1289245486423048,1
90.54782608695652,91.0,30.862456009304836,29,144,2.6337883214861977,56.16851574212893,5.068162830710112,72.68182037413895,1.6380879322533581,57.777475117862764,4.423611111111111,2.029572550478135,0.4069703269703269,0.9488289524026972,0.9995199400345702,0.9995448059895274,115.0,37.55634918610404,0.43860994907046874,12.796723475128484,11.500127913423535,0.9583333333333334,0.7986111111111112,0.11558085920751122,0.12007848581332099,1
132.32544378698225,142.0,46.69155370014186,26,211,3.753913298921482,97.07544378698225,7.406548834362473,114.45943807416468,1.1209129322369298,15.999857417837035,4.710407239819005,2.0966101312119347,1.2080211680211679,0.9519532582552253,0.9992969200618882,0.9993357948778782,169.0,48.04163056034261,0.7360107480648052,17.884706154543775,12.107406854941882,0.9548022598870056,0.7647058823529411,0.10032203473631002,0.13309119848580128,1
125.5,136.0,47.14938266525115,32,197,2.792336217552534,80.55555555555556,6.159711087742769,105.12566779313191,1.1787091633466136,22.427999999999997,4.5397727272727275,2.186894839551321,0.727471744754842,0.9447805799192027,0.9995914907350101,0.9996031231666511,140.0,45.45584412271571,0.7478945121278804,16.435586031172342,10.91023118293071,0.9459459459459459,0.7954545454545454,0.10764352891420692,0.1272424789572164,1
